"genotype","earWidth","earLength","kernelsPerRow","kernelRowNumber","earWeight","plotWeight","hundredKernelMass"
"11430",3.33128895126953,13.2007160436249,27.3470301235989,14.4446234494432,51.1734149970526,42.8057007689382,23.7326379058071
"1538",3.42335621317439,12.8196420596792,25.8085929778708,14.2571751300526,49.6194491516365,42.1842199204819,25.3999923824605
"2369",3.53149575927034,14.3686788565931,27.6248665386535,14.6100194573269,55.483303635369,44.9686603252298,23.3510356561889
"29MIBZ2",3.36399804725838,14.1436696634595,27.9422424802205,13.8109366430502,52.5255677098023,43.6641968050892,23.1366256437845
"2FACC",3.79446223022996,13.6341459767242,25.9211038147653,14.477924659612,53.6311177541571,44.0365971988793,26.1049665922447
"2FADB",3.58830369293607,13.1390376319538,26.3498793855076,14.6559616502203,50.1440797379666,40.8276162479706,25.6463422575706
"2MA22",3.45256664275884,13.5124724476967,28.0009510912295,14.3249194709864,49.0926897386335,39.7191884386932,24.6161311277069
"2MCDB",3.85955908220955,NA,NA,14.9194583352317,NA,NA,26.6573088754824
"33-16",3.48174087621305,13.1343196429387,21.9023764304462,13.5964156012941,41.1486381387247,32.3891601754075,25.4796073827461
"38-11",3.2770152594991,13.8272921180214,27.829793728265,12.8841482344573,39.9240577616942,29.945815339004,22.9781070943868
"3IJI1",3.60079907062454,13.7599885692296,26.7142576945322,14.9285786066291,48.9346068285715,40.9620710099398,22.7813802395299
"4226",3.92118117969253,14.6942940288584,30.148838437803,15.5498640702982,58.7301181748005,48.8871193585182,25.2012509786399
"4578_INBRED",3.29978173599761,14.5808061145207,30.5059811589171,13.2094044600445,48.6482681976731,39.1718754093655,20.4720916479311
"4722",3.18722325371739,13.8922285699789,26.1393697698836,13.7311574449329,36.0871166795711,25.9866869175757,NA
"4F-306_108",3.1747782414816,12.5059357069336,21.8593492596825,12.6955179937042,33.0145304020363,25.6698769208578,21.9743609608264
"4N506",3.76894477250923,14.4029989053438,29.52329689793,14.3140816458431,54.0331600581724,44.4567805982443,23.484575422737
"52220",3.38451717711507,13.1531431118604,23.8265176436084,NA,46.2974966179468,37.6852118992922,25.098306579508
"6F629",3.60517905280904,14.4839639138996,25.0167414997849,13.7191750939632,49.4229839676167,41.2064282338281,25.1856686947797
"6M502",3.50442633190511,15.3622588062946,29.2834237167883,14.3267821898859,53.1204897308547,43.6454454837726,22.6741460153555
"6M502A",3.92078048938884,15.5906469682359,27.5776087829931,15.3351539576598,49.7688557129998,39.8408401936266,26.8654008860985
"764",3.60706144173027,12.3084792286035,23.3807254129958,14.6162144714075,38.3063035031216,30.5327646776022,22.3835040410355
"779",3.09602045781705,12.8308592514572,22.5541780403399,NA,40.7812229276608,32.8974761551732,22.2076009234349
"78004",3.85668706133656,12.7264655660014,21.0986379833605,14.8974268355155,40.1964653994174,31.9685578641871,25.5694269808994
"78551S",3.36688922245414,15.8959846796252,27.7013211996441,13.1857566935566,49.2380961724834,40.4967119506104,25.0976679333
"787",3.73785284768967,12.6423923155904,24.0970011075499,15.5724788333803,44.7158912885196,35.835448892251,25.6264696270976
"790",3.69212751310401,13.2060990153244,25.9836587704685,13.8770315450477,51.5866868825685,43.4772817289236,24.0931596835877
"792",3.63676011877433,14.3518051375185,24.5305790672039,15.3566873729324,48.0857604720414,39.8389615359134,23.9450533950377
"793",3.86830079852866,13.3154427077174,23.7320146303348,14.9110507028922,50.3708741679729,40.5496438489493,26.6993102630455
"80-2",3.38719103285765,13.2183744117156,23.1238272584292,14.0305176935905,35.8016970437855,28.2439359202612,21.4413241337817
"87916W",3.79559923856137,13.7389194636293,27.7584370132396,14.6188149748823,37.6368180022989,31.1049219345323,26.0848008799067
"904",3.50942897020262,12.0961874124433,24.6798636065437,15.4480286972636,43.7490052426281,36.5859204828202,22.2363853059831
"911",3.55876062597873,12.3706016874995,24.0098005072745,15.2103906256178,43.6241606429669,36.4438084151495,21.670054265899
"912",3.3097080827636,12.0488218465132,22.885896495602,14.0042329680203,43.9684802476782,36.9607849815135,24.6480185311529
"91IFC2",3.59388816640993,13.52916081102,26.8894061249231,13.5737587392756,44.497712591168,36.6012943602136,23.342062531807
"A155",3.73503818380977,10.9676051122601,22.7120649704521,15.4232278075027,38.2817498950532,31.3587828465967,21.8781987972849
"A171",3.3806522758669,14.2844571515307,25.810890678882,14.3095863447592,40.7818693170849,33.3489554886827,19.0706088547926
"A188",3.61064429722092,12.3241066586153,24.6846680922391,13.9488297893272,47.282216837877,39.9139583487181,23.8414846355717
"A208",3.33127519209723,13.5077092081242,27.9594184161611,14.956325443135,42.1562611432522,31.6640397923495,20.863223873717
"A239",3.44294642343024,13.6956672771199,27.1755254595343,14.0598062775283,55.510935836919,45.7163241772613,24.100270960005
"A258",3.64295189115135,13.7380867186062,28.2388951477645,14.8503810301386,42.3517311524326,33.2142314749302,21.1283169357214
"A305",3.53034878088079,12.1883237464714,22.1545528526273,14.3405508227375,40.0948675505609,32.2439581877331,25.6655857003505
"A321",3.65915294185185,14.2161037671367,26.1560315548095,14.6528308247907,42.1834983742526,34.7864479101698,22.5289579423228
"A322",3.21893671471844,10.744227834208,20.773999776883,13.0244344169224,31.9720148063929,26.1467721733914,23.0968720872489
"A334",3.57692887840353,12.1598288297029,22.8844000328361,15.631333153833,38.4543616896709,30.9333500414514,23.0149104158161
"A340",3.42491314305831,12.5018344344125,24.276794309753,13.4883672723226,38.18653495393,31.9168984874795,23.0285383024814
"A374",3.94859308078,16.3882797398189,NA,15.9863794034929,68.983632176546,58.1107673827306,24.6374562734582
"A3G-3-3-1-313",3.86010651869649,12.0956973201347,29.4803468813717,NA,40.1466915042217,32.2339864564222,19.0994552031031
"A401",3.62651926821853,13.9979693206613,28.2993516436329,14.0744531601996,50.9305566538898,41.2073881137613,21.2872232191785
"A415-1-3_INBRED",3.22439092788723,14.1785614620845,27.8449505591831,13.3083083242396,35.4359466138703,27.0514829857669,21.0041992564935
"A427",3.61389195013882,13.2757533043994,26.8448497528711,14.1045730501294,48.730148076465,38.0213462626118,22.7587910638561
"A441-5",3.73526018229024,14.7759621382187,28.2778801229161,14.0489875119119,59.9070518320889,46.5485365720591,26.2447806178746
"A508",3.52727890551218,12.324503493039,23.5165640181392,14.3929497849085,36.6585268376409,27.1716483423978,20.3530818152378
"A548",3.37542001111894,12.9032451351057,26.3283507598495,15.9785462748871,38.5267243473823,31.9189570142378,19.7736735505105
"A554",3.55069170847204,11.300665143811,22.8932114911921,13.9912879548757,40.4482926480108,33.1251240783137,22.1626425179039
"A556",3.34303909292608,13.2546187515559,24.9323085978776,14.4650314959589,40.8236531873124,32.1724600902363,23.2765903560327
"A572",3.57993358610089,12.1422288813713,24.1168991072558,13.6602848650037,43.2446192972432,33.7074035809149,22.4724283241329
"A619",3.94726560193285,12.2310146722077,23.7101900750747,14.2642970665323,36.7728183338596,30.5628072991348,26.9991009243896
"A627",3.59183633962357,13.2577837064779,28.346018677922,14.0331868116683,49.8420729993947,41.9015148029008,22.1280752730259
"A632",3.32182248529247,13.7152608580046,25.9824778732785,14.8417868795313,43.7936726912625,35.768255453052,22.5139670046112
"A634",3.37158564190998,13.1267415900394,23.9216124543131,14.0818227536548,47.6100371671887,38.4580619073015,25.2334722416963
"A635",3.44235331276531,13.2127930291166,25.5494193561109,14.4789154972232,34.2015242102729,28.0578673473441,23.1664993916526
"A641",3.63418246163264,12.9139175389622,21.2067071595614,14.5292260182269,41.9465974656324,33.5217943674129,24.7872250304507
"A648",3.14912678833986,14.6026016393256,29.2647815017341,14.0780241488265,40.7597595939761,34.2762661064449,21.550390231385
"A651",3.18392829537852,12.2068219782603,23.2781553981696,13.1501237394674,38.3713939009279,30.9161254162786,20.1867706352189
"A654",3.19637520871446,11.2882590808889,20.9462063978301,13.5897030521918,35.6837175036271,28.3980369974595,24.9962702116738
"A659",3.62853005880654,13.4512867353064,23.9689647033471,14.3203136027482,49.9995848009547,38.179235833097,26.581614921112
"A661",3.36505110536215,11.9206234098727,23.127443245025,14.2559138080205,28.8051442772193,23.1664359541101,21.4597653097341
"A662",3.2741776498741,12.7680489372727,25.1648255781498,13.1387129089564,45.7235949032612,37.5384323684692,21.6362848911855
"A663",3.54831168217642,13.6979605305711,27.1129366594447,14.6848651561283,45.6679661975447,37.3933180837408,21.3871335025115
"A672",3.94462824444151,13.7745775303995,23.7998179034196,15.7962582907612,43.0589896158058,34.581954799787,23.0172094580085
"A674",3.55171802169579,15.070560816418,27.1594037086818,14.5267878119096,51.8484565458825,43.1272951757466,23.330683097211
"A679",3.78641798996767,14.0613628525371,28.3340034731399,15.6864597254473,52.7722092002098,43.7113270475439,23.3414038595681
"A680",3.73207331965192,13.3729990930806,26.6891702740577,15.4086871095234,43.7418310953836,35.525608278504,21.4685267659275
"A682",3.4217936702276,14.9144946201842,28.6219557727948,NA,59.622549366364,50.3082106965231,27.297125338148
"A73",3.56090038384263,14.6318667440417,28.6767829831612,14.4485748094372,47.8779061758874,39.3858770699799,23.4732943898996
"A797NW",3.5262729127963,13.6450836632827,23.3537274400411,13.7142503570947,43.0775001729585,33.0903368418399,24.6946603136646
"AH83",3.5619883094977,13.1303338860193,22.5340865930808,14.1996966221345,36.1317722566501,28.6875208782062,22.5709714681741
"AM0776",3.28343284686302,13.8577300300532,25.9433379046631,12.5959687623377,48.2322107771148,39.8082844638174,23.3021361292447
"AQA3",3.44008970830966,14.0685034493085,27.2156798987404,14.5298323792843,41.2739528382776,34.2690971868208,21.067035843815
"AR228",3.44557494205382,12.9391510736152,24.8781950742831,13.2009307807794,56.6079583794863,47.0705542917991,20.5751930415738
"AS6103",3.50482557232994,12.9211591091612,23.7252010162553,14.8863902758409,42.978625022384,34.2137923021776,24.0989667414546
"AusTRCF_306238",3.58228931256643,13.3624871828639,23.7300487922466,13.4788414546256,43.0954541863987,34.7633360302335,27.6820806809374
"B-18_INBR.FR.SUPERGOLD",3.26645076478371,11.6391141180175,21.6251467483347,14.1723300453338,33.1733070505316,27.4493064072569,18.9550242783734
"B-28",2.99413991496778,13.3615431679249,28.9644289706682,15.2925317575702,36.1627374128114,29.0531065930171,NA
"B10",3.73999141402229,NA,24.5486180255097,14.5139044944871,49.1099114783072,33.5032193536047,27.0199432371303
"B101",3.44573394348756,13.3552509530702,24.3558587037375,15.3184620302382,34.5424932541015,27.481782976761,22.1776402276003
"B104",3.67144324699497,12.4385576665852,24.8101313511996,14.3456190645085,45.8560364619408,36.6801686680671,24.9999029985952
"B105",3.09498327355469,13.8913675026722,24.0720154439017,14.5762617486271,27.1480184255994,21.4326164873228,22.6448980620074
"B106",3.43301692144814,13.863865160407,30.0489762892343,12.8144832509772,50.3516421545449,41.0778437488835,20.5182289243391
"B107",3.45775479306397,13.6458226125208,23.1766848197666,13.0595030080802,54.2646023395328,42.873241132492,26.1061744286573
"B108",3.52376231329976,13.3117189406697,26.5729783005496,13.9125221198163,44.8130855049543,35.9293810180959,20.9283574050516
"B109",3.5585950292689,13.1910045141384,27.322350735127,14.6159817518652,50.4966076017064,42.0931564811465,26.0679899906472
"B14",3.29165790537488,14.5751834021655,24.7319475852301,14.4464431137577,36.7884115023521,28.1656567165244,23.6056974931936
"B14A",3.53523418796594,15.3879318699554,25.5787724187417,14.2826716808854,43.7198214919908,33.6930254524497,24.1368065482865
"B164",3.54722710995058,15.0816479949893,30.0685105449451,15.3851878697995,46.9318985853351,38.6622812530735,21.6826378029708
"B2",3.29663307336746,13.2055849216517,24.3384569618974,14.9097558276342,35.8994663128099,26.8808166944095,23.077284659758
"B37",3.44463421014798,14.2087959829457,20.5537710241302,12.6420081117797,40.7148964051078,28.7596945703781,20.7837177940202
"B42",3.34810737389724,12.8869838958541,21.3250741826914,13.8789136103926,38.025071718276,29.4444909350097,26.526688896701
"B46",3.69321669070156,15.958056387851,26.9798009209609,14.5977826378795,45.2305463363269,33.0744266864035,23.9860182655507
"B52",3.45354864506512,14.5985524781846,25.1455992367,15.4371563810829,41.8901509917151,32.3531639891983,22.2406193802487
"B54",3.48615781192383,13.1113091908881,23.9549555688266,14.0005837794243,38.2697385598511,30.1079411312604,23.86063801784
"B57",3.5845183148751,12.4617177740926,23.649538705676,14.6176814562657,46.8803192379685,37.3907757905697,25.4155178497558
"B64",3.21720710591671,14.1483933041698,22.3320216363021,13.8003215888881,40.130172619089,29.6418401929436,25.1829848367937
"B65",3.31446223235082,13.7304135453219,25.5559012049547,14.4498296598259,48.7405004141163,37.4939866611216,25.0643003223649
"B66",3.31969610123956,14.5082620545997,27.5812173653287,13.4457015433296,53.3273525492771,42.5517032386999,22.303697989595
"B68",3.39830413205293,14.9170329493128,22.4973208700141,13.8071604151716,39.4748993160192,29.5249461806052,24.7026113639525
"B7",3.61928605419309,14.4338965667823,23.3993935355741,14.3418623636531,38.0879266239119,28.6427792736008,22.4950519217926
"B73",3.88635118953158,13.7375831252668,27.4838076232324,15.7975364583274,42.4329078479679,33.6138658792409,23.6552269095947
"B73Htrhm",3.70074490345222,13.595583586426,25.8727866734633,15.2601782485439,50.2482904032076,40.5522312485472,22.2726249470822
"B75",3.74582320523501,14.4308257287864,24.7755885222422,13.8433350117352,59.0161071956116,48.7159877904473,26.3934794751937
"B76",3.70491204265749,13.3869101389963,23.8905410108228,13.5413388271899,51.4740283532229,41.2039902474412,26.7278444928842
"B77",3.3018142502918,13.5747379907094,26.0593704353974,14.3882304656034,44.4986814457681,37.1565474673908,22.2772489871031
"B79",3.65929787224732,13.1980044068104,22.5998010384694,14.9287630160267,43.5506946243524,34.9794684023332,23.3200362260912
"B8",3.46366218606275,14.3113577396328,28.4309004594193,14.1423297201519,NA,NA,NA
"B84",3.733232477139,14.3050493786963,26.8633191002394,14.1030767805665,54.0030523057442,42.6973855882115,25.6705725575075
"B85",3.31050161528026,13.5746570258687,24.931582003524,14.4318434732766,44.9551159861429,34.3967401318926,22.7508626512483
"B87",3.36630812768604,14.4418586569164,25.4057241247361,13.4171920863308,52.3265040761147,40.209041590774,25.1509788175836
"B88",3.10912413254013,14.6476443309956,21.4284708206634,13.1565116198414,24.6557885045113,NA,NA
"B90",3.24335080766044,14.3395905251084,26.2370407293676,14.0832641287779,46.114015044898,37.492149606409,23.5235434983044
"B91",3.49843224680615,11.9871531901053,23.8809126812023,13.961997929451,43.531320089575,36.0756271789629,24.191674494923
"B97",3.67778248229805,13.6399379356665,26.6835906364378,13.8225635351422,56.3620161121704,46.198800477217,25.1119772181136
"B99",3.40866993094309,13.9219965790771,23.8624298617514,12.9642497673715,48.4156113917475,38.6925018048407,24.7203613901243
"Bei_10_=_North_10",3.43998645973808,12.0409480591871,25.489135994169,15.0339935548265,39.7239292473611,33.117155074495,22.4305389989125
"C102",3.2093028289033,16.6466490088534,29.6031192359831,13.4031139406299,53.3308315112834,42.1468949170966,23.3919307878197
"C123",3.40404282316957,14.6967730965176,29.6314048340089,13.9257298891809,53.7064720125627,43.3963265587242,24.6765617180652
"C49A",3.11745337670652,12.0995569444587,24.2045423718823,13.3005972746813,39.694786788803,31.5338541523321,21.4012196261706
"C68",3.23127682065229,12.6028995667763,22.5801306101983,14.2933406092369,37.955028494802,30.3260658138004,22.0314666727226
"CG10",3.67934682906933,12.0621039089949,24.0183906686596,15.3797114963306,32.8253317093882,27.3762581463546,22.2983657065294
"CH157",3.36949268464171,12.6482073445174,28.0407231670214,14.8375665789517,34.5495816051963,28.1530517269646,21.9484948857359
"CH701-30",3.50923855771722,14.234370247875,26.9382156589175,12.928848077297,52.6441258455649,43.8277954715087,22.9709925037266
"CH711-10",3.66928269903395,15.5032994405651,29.286328368915,13.1969777067772,58.0443670310136,46.0365114045628,24.7631532169238
"CH753-4",3.42134163660172,14.2167384220412,28.1015749084696,13.913437888935,46.7376724335981,38.9876023101683,20.9120235563913
"CH9",3.42743064713201,11.9875996289977,21.1923852076526,14.0404342141066,34.9055557955956,26.9960471167066,24.1465424354812
"Chi-tan_120",3.28706248296857,12.5923130075376,27.6099015828848,14.9856246997623,38.014197008891,31.7000434756371,18.799004797766
"CI_187-2",3.52058544378524,15.7314942157273,27.2038205467919,14.1844377550398,50.1866265771108,41.0157994398026,22.9234449482967
"CI_21E",3.7731459532706,14.2921208918991,24.456051621101,14.940706167735,44.6275220116828,34.6682793742015,24.2194151066509
"CI_28A",3.23648187331386,12.7962808169654,22.3807032751277,14.24439296596,36.835973782912,26.4522204016429,24.1467352874733
"CI_3A",3.77399381861026,12.1966440740544,21.3440871588887,14.7193584423872,42.7837208664615,33.4497768779801,28.0906106883945
"CI_40H",3.81377256070717,15.4565660335701,28.5672125987513,13.9164823280666,50.8401878104441,40.9607890871673,24.7715232700484
"CI_540",3.48326425813911,12.7140356376426,23.7566389969888,14.4865362000252,43.3290734218263,34.9885332260373,21.4837902272764
"CI_64",3.55628078819503,13.0960865846361,25.2612681427211,15.9255061490664,46.4363887488626,37.6641698114126,22.7625746319158
"CI_91B",3.48170068118494,14.2957884810759,28.5665516546065,14.801327199862,46.8032616459608,38.3862720378248,21.7842639313101
"CI90C",3.70236994925191,13.809929462602,22.5964761753599,14.0471070146848,42.163886764056,33.3291794731261,25.1046105013511
"CL27",3.60463616636294,12.1138795893384,21.9576935583859,14.1841530272829,32.5885352579043,24.7323590383633,22.0940666159921
"CM105",3.47137114425652,13.3760858136662,26.4659072779271,13.7792886589835,33.1020805438928,26.8101579165283,22.494174930427
"CM37",3.36735106505123,11.7008160714456,20.8107885433386,13.3636943787106,38.2534569719405,29.85106854049,23.243476857822
"CM7",3.12306080505259,11.7642823989094,21.359280860425,12.9207416247347,34.0141142076739,27.2304190026962,24.3654350826892
"CM99",3.37625013748642,13.8275251260695,27.7439794181243,13.8739202585533,47.3454149964892,38.5989572946694,20.8345260744042
"CML_108",3.51905361116391,12.9941881052168,21.670253247864,15.34544172465,32.4554646094301,25.1266607627096,25.0004430422662
"CML_154Q",3.78602387065396,16.02457442848,26.0382093351335,15.2848020998966,42.777483985797,26.3831561120848,22.2133752538644
"CML_218",3.38442952485303,14.2486353253269,NA,13.8626994630069,25.3229097868063,19.3368936184454,23.3753553271348
"CML_220",3.26221479187021,12.8973419677365,19.1960307182425,13.3982116532597,35.3123800305784,25.7873675759804,28.2851711449793
"CML_228",3.56497295975608,13.1987849554148,24.3417175887154,15.5973666352931,28.4286781730106,22.7089486118376,22.9041776780704
"CML_247",3.05569721495706,12.5230139608034,25.1330401250147,14.3073079423028,28.7239956169159,20.6028987552137,22.6574118417626
"CML_322",3.15990687594729,14.9217067169656,25.1244647286947,13.7836372838715,39.4807944946852,29.9156152137722,22.0529299150965
"CML_323",3.43119166259434,14.0865449615971,23.430635848958,13.2730512656438,41.9489902358629,30.2500021014664,21.7543913520292
"CML_52",3.1895819250059,12.8671892574647,21.9942946279249,NA,40.4343377669392,30.6310618010556,21.8054956758843
"CML_91",3.20924118801254,15.1454588469958,25.1247184729956,13.0227775999803,59.1774726275377,47.0253214884078,25.2473700117586
"CO106",3.20329894129529,11.5452629235512,24.0626009025083,15.1619654093433,26.968477241213,21.7095799537381,22.0414601456264
"CO117",3.05284895820361,10.743171352436,18.961580520081,13.3861551635147,27.6973325625162,21.5334229919115,24.5266439273706
"CO125",3.5083810341447,11.7419361242868,24.3315967854024,13.9394936732927,38.7810702505735,31.3202228883304,19.6254478102092
"CO158",3.8363679365461,13.8974701586423,26.9604943113726,15.2096109519286,40.5237973352178,33.2914327577338,21.3341230852823
"CO192",3.61008420364989,11.7387976995072,23.9400937169372,13.8798843680307,40.922023924265,32.3031447675708,21.5098645941186
"CO216",3.6359892935706,12.6673530705858,23.9449429837853,14.380169499056,44.3616889738494,36.1445887545384,23.1129103797223
"CO236",3.36514463567608,13.3516866428135,22.0638873916674,12.8555887281991,42.8639962006155,34.7407777926871,24.5598124023348
"CO237",3.40418103187712,13.2842201137295,27.0655145428121,15.5487444135894,39.9807314945548,32.0453592637661,20.2436838195888
"CO245",3.28102618546334,14.450889185724,25.5618467410893,NA,38.4936780780726,30.7115471992018,21.583499126082
"CO255",3.61435357813443,14.2787970592813,24.8502394942041,14.1033157072166,41.3019947143618,33.769946103575,22.7323766174684
"CO256",3.3636645571826,13.9386255246211,21.8600780302715,14.2390994772022,36.0438151432568,26.8817486654007,23.0011343144237
"CO257",3.58721043684994,10.6448559295553,18.8323212399704,14.4264258602879,37.4321551456494,28.0556803788171,23.749566996445
"CO258",3.49049151796547,15.3906972871815,22.685076995173,13.8541501701832,45.5969815173695,34.6482414287369,25.3041858782418
"CQ702RC",3.73621888053462,15.1619610727483,27.8430974462706,13.3857605508647,51.9121096733487,43.47499782517,25.8103021652668
"CQ806",3.51193383951975,15.1866014820956,30.4826630618939,14.4761866381732,51.2872005451217,40.504704183333,22.3269537381423
"CR14",3.75695760137254,13.3850321123894,27.3188798797997,13.882130309321,50.1212008962454,41.3487146060884,23.7327819316397
"CR1HT",3.5654931848341,12.7274740932908,25.2311575957688,13.4357342406751,27.558291158344,22.7597735836058,20.8088846082459
"CS405",3.53121627535573,13.9380270010639,28.0066804122758,15.5005858199772,51.7692054198821,44.1071665142267,22.2781491547205
"CS608",3.37871354704683,13.0975911261013,26.364384952331,13.4296753644848,52.5838176874248,44.04467338702,24.84819419055
"CSJ3",3.3796197814543,11.3060257263148,22.1769127439344,13.9797525035149,35.1824552651686,27.1245764239083,20.9086724593786
"DE1",3.87210111018261,13.4929443583954,24.8695543229778,14.9239530875065,57.9928979324798,45.8590797947058,26.583016371594
"DE2",3.92310993279284,13.3220968148249,26.0853137247058,15.2488355930526,54.7552635461621,43.0131444915824,25.8181690661554
"DE3",3.40510567876487,13.7147342522748,25.691747126643,14.190153516127,45.2595290614238,36.3317348800248,25.433567037698
"DE4",3.78841374908149,14.6511290564329,26.5704624731583,14.1392563292168,56.4840774387126,46.8877893700852,23.7424487159758
"DE811",3.4974361170439,14.3508609680104,26.6540495063565,14.2182830335837,41.3191122107979,32.4211273119501,21.6202445639111
"DJ7",3.7695774558541,13.6986016453271,26.8045103851577,15.7603417899428,40.6016928355773,32.7035045420107,23.4966602782584
"DK3IIH6",3.54287671850284,14.592878597232,27.3014462576393,15.7097464454254,47.5284436927588,39.9764761743289,23.5469074067319
"DK4676A",4.00590462338626,15.2035810442931,27.4825878444192,14.1771793146645,56.805960328115,47.4526110990142,24.9063667990985
"DK6F545",3.80907054121706,13.0165464439239,27.8652743732957,15.399656934457,50.4518924706156,41.2873407814354,23.0455268105033
"DK78002A",3.6097351488768,12.5481316969383,21.394261891333,14.6126514847377,41.4863339083633,32.5772263034928,25.7710920749429
"DK78004",3.6382083460888,12.8145630170338,19.9570579629403,14.7576803767415,38.5362328044856,29.8218438161148,25.0695417027748
"DK78010",3.59337110671269,12.9274152731656,22.46751441623,14.9561647091292,49.5671520404767,40.1698808461021,25.9416066591845
"DK78371A",3.27179826484164,NA,29.6463156794262,14.1369809300385,52.7360938023751,43.4678957983064,26.3324727115165
"DK83IBI3",3.37436907112968,13.9166871394291,27.6725161667813,13.9207722038773,54.4738547381355,45.2742520867825,23.6060563700106
"DK84BRQ4",3.51082063642969,14.55926381893,27.2977763231695,13.6210185897942,55.6136966274539,45.5695551291766,25.1927139406192
"DK84QAB1",3.40358152221099,15.5466339309468,28.637796040844,13.9394484704795,54.187615454042,44.6486016793363,23.9886292894173
"DK8F196",3.69881978145529,15.2815894907369,28.4020259140848,15.718469608207,46.4970082899871,37.3862467114804,21.8333519101172
"DK8M116",3.42890596980474,14.6374325305781,28.0832733641061,14.5871694372474,51.6460602633674,42.2715180779946,22.6213414831354
"DK8M129",3.67384059424298,13.3571602372183,27.6980230310615,15.126108500566,55.0407160503411,46.069858432924,23.4570463650148
"DKF274",3.58797612090267,13.5079375890999,28.1235722970409,15.4736900381125,48.9726265162312,37.8585462915373,20.6491002758831
"DKFBHJ",3.36883346986482,14.6298701363372,28.1495754889707,NA,54.6499751365021,45.2357031018334,23.9858919217408
"DKHBA1",3.71825868658075,15.4891664212839,23.0987997152408,15.8894498757254,57.9975871549354,46.3097335169761,25.6961788302147
"DKIB014",3.48235150867043,14.0194119476526,26.1074152803466,13.4722535214622,55.5962206551095,45.8414579734947,23.0991031029688
"DKIB02",3.33874425000846,14.9502098671749,29.3988164697054,13.8890958172031,51.0511941963161,43.157251306121,23.1722405347724
"DKMBNA",3.45495897120408,14.823425711993,28.5181937612528,13.3677989934083,58.0259538275253,47.3379460514265,26.109071235212
"DKMBUB",3.80128374130532,14.2742347595057,29.8782121827488,15.5129893653297,56.530442281104,47.4798124925104,25.9833436626797
"DKMBZA",3.68448132448856,14.8540239365952,29.1674847547263,14.6983890629702,51.8005622765305,43.7624436485471,21.6521527170131
"DKMFD-13D",3.31151825488334,14.5976993448253,28.0653385035724,13.4284458453992,51.7822699207362,42.3544468224571,23.4882338574381
"DKMM402A",3.70525123273619,14.6839597874959,26.9417208103586,15.34925265544,53.3158400946248,45.5663914914857,26.032653042088
"DKNL001",3.7335425494307,12.3710546165215,20.9026239835002,14.2820632306522,44.1798014478018,32.8194907224048,27.7861285397868
"DKPB80",3.44465200675107,12.4886829396597,25.4159222900441,15.9045863726868,37.1876374119069,30.3311079465192,22.5852446110578
"DKWDAD1",3.72768402664902,13.0129194185468,26.6581668059382,15.7925842661205,50.5768610314497,41.7532744810058,24.1889415226337
"E2558W",3.21512375206975,15.1706013403958,22.8819777319867,13.3300814820194,32.204042397359,24.883143856925,24.7592303147707
"E8501",3.48353596406176,14.2540471050952,27.8357529725981,13.6325045430552,52.625014918758,43.3960594194776,21.5528096377283
"Eng-Li_Chih",3.49577429702153,14.1427646072401,27.6351578971625,13.6245054254499,53.8731995510966,44.893171896703,23.6529592948614
"EP1",3.39145977496027,11.492760299637,20.5208855129887,NA,35.3485938038554,28.1830169327962,25.3813401053678
"F118",3.80013969482876,12.782709049109,23.2762839806242,15.4113386625479,51.0275660462205,41.6120598706847,28.4144748265331
"F2834T",3.43230384902564,13.1226510278167,22.354527934719,12.9259202800007,42.4967483504589,33.8296297462853,25.7014870277381
"F42",3.84538351082692,13.4583133467016,27.2014435688256,15.1681326823443,50.4219430109186,40.811953347862,25.1711506448142
"F44",3.07013718940312,11.5678568978162,18.6764679746283,13.8624064335213,25.8233353223137,20.2084497340197,19.8972965916401
"FBLA",3.53703446478228,12.7412776957444,25.3723066531904,14.163680033367,49.7620375133422,40.5611591413905,24.8873500330795
"FBLL",3.51588751622131,13.3812606280783,28.5987297610593,16.1191157790935,46.7328045411196,38.9165265351366,21.5685401547253
"FC46",3.42509047061723,11.5187814298431,22.4876842065019,15.265640408435,27.6640166107464,22.0396682048364,20.056958476191
"Fe",3.51382085652246,14.0804585747353,25.1186715180295,14.154784005726,40.8879772685793,30.9174055427603,20.8978323498771
"FR19",3.44857409155854,13.5470510380537,26.5614035675102,15.0253448088003,48.5124524741041,37.6890112857178,20.3432648961534
"G22_T122",3.1596796727605,11.6951985615203,18.8869960971931,13.0781083500089,27.1361038107809,21.3422143963861,20.8640517270706
"GE129",3.21868288569255,11.5754338123824,22.3534128048241,12.9849871486423,32.5560609122367,25.3980373255708,23.233357216871
"GE54",3.51490771221703,12.3800154925435,21.9854149026458,14.3908261713922,33.6243458932581,25.7145084657028,24.4057849581808
"H105W",3.70079749142862,14.1021292731234,26.0544603565407,15.207061472232,51.8094286119709,41.421758495335,23.9526369863597
"H110",3.25320616969193,12.6114099899753,26.6652042762899,14.8054200116687,25.2859699446512,20.0513423915302,21.0832496300002
"H113",3.7034111842667,11.8457734926295,22.8336909027983,15.9877337920056,39.1722107581332,31.9348240327483,22.8530185553071
"H114",3.53341923752719,12.58630301872,24.2391615845131,14.2411328318603,48.1548058951627,38.8102910650395,24.468850061141
"H121",3.49896513558663,13.34454698197,23.3626628310802,13.6717049110028,38.0062927271898,30.0734147597146,22.8141586132042
"H122w",3.45902009939831,13.9675964045443,27.7943020798783,14.4010955188491,53.3442534685723,43.2397938227162,25.0931942062284
"H124w",3.39703028685641,12.7214862207399,22.3295010938421,14.5267052637846,36.7453447825969,27.9017452614828,23.6074345444295
"H14",3.15383000991697,15.6785832622799,26.1080322669049,13.8629599216381,37.5281261270842,27.6644869228306,23.8274031121172
"H49",3.70390926264508,12.3110419425983,25.458295144484,14.9628822469107,43.2228490391224,36.1412126218776,25.1425992761372
"H5",3.32964827414417,15.0849994064551,26.7905282805758,14.9353266495376,44.0609675424292,34.3548441407644,22.01998297251
"H52",3.28867511654906,14.7442877176115,NA,13.8551027765331,31.6251641616723,21.7612080692888,20.5755971971954
"H71",3.28702336409139,11.8514661903156,20.6360246155716,14.6589999898628,31.8907175691583,24.8277431338547,24.437106201011
"H84",3.56478578161596,13.6079875664799,26.1264553503761,14.5357802612902,49.7235585403318,38.9911824149992,24.2877806664845
"H91",3.41986025757664,15.5806646672851,27.5499223967737,14.3265361464085,52.7478194794637,42.273887827208,24.4138593990745
"H95",3.45354506702858,13.5249720172988,24.8637660033973,14.8596654105355,43.2480137447193,35.0720837986938,22.4926025789172
"H96",3.70129955468699,12.5055484391925,24.0119335894005,14.9967784868982,40.5096874510149,32.7482705750033,22.1301234651116
"H99",3.27766057246377,11.9186239794343,25.6543940220049,12.7100256412403,41.8560958739734,34.8051824042741,22.7650708377885
"HB8229",3.51974444043671,13.050460093365,23.5027239317275,13.5319598981742,38.0984493675496,31.4430491430402,26.7345734734234
"Hi28",3.08306133172235,11.7282467954937,21.0701624103687,13.3283611256388,25.7292531402422,20.1024552965493,18.9788913133926
"HP301",3.44746856874417,13.8704944180557,27.6330720156332,13.9946611892221,28.0094750425028,22.1482470596623,NA
"HP72-11",3.21825211874444,13.7091662963905,25.5950323602388,13.3178397501916,32.8988948205784,24.9207502498201,NA
"Huanyao",3.20634351625678,10.9714260521949,22.9492124120391,13.1211397096378,36.1136521360954,30.1890736489824,22.1598687526708
"Huobai",3.42492446615905,13.0233442000212,25.3633756297808,13.0106775529626,64.0686695509698,47.9559663118642,23.7258291283429
"Hy",3.73000118848539,12.6412462634849,22.9699021588351,14.3303557557438,43.2087767635439,34.4173659170396,25.9476194114141
"I159",3.43591880120679,12.8997113323143,22.1237979944645,13.7163440118029,38.036280514453,29.5455932688954,25.0252037566207
"I29",3.45901990160346,12.1001945563732,21.0279028531156,14.5444088459778,33.726523905392,26.2423961986943,NA
"Ia453",3.35077753094937,13.5877479851928,25.3061414406939,12.6064675747028,28.1257960153064,22.7478615179682,20.4592126286501
"IBB14",3.36877942085007,13.2779184941805,26.7230155271804,14.3261795619729,53.7364797947443,45.2477490906723,24.4888090356737
"IBB15",3.45341199288278,14.180797099793,28.1623658928792,14.0788739031163,50.658797014707,42.2401976543215,23.316765523037
"IBC2",3.43721883663712,14.1404629090223,28.0497854340884,13.3057057147722,56.940359740831,47.4993007692168,24.2857892614557
"ICI_193",3.80266845009515,15.3837720729095,27.5953903750792,14.5449616376977,49.3811194579822,40.1723543140275,24.3991946396284
"ICI_441",3.73200387259911,13.9724852339509,27.6261679894995,14.7321124205973,56.4092918298839,46.4948888475541,24.6551439734359
"ICI_581",3.51240271434966,16.7448221253381,29.3331759630355,13.5578433776561,56.4835314746591,45.5737612805031,23.4700429919786
"ICI_740",3.72909279892019,13.1162277405081,24.5336348064721,13.9352115975102,49.1261379569517,40.2013821843235,24.0944610634147
"ICI_893",3.83699011817865,13.9843464822329,24.9975082669643,15.0537633672839,44.6262795872303,36.1280401181952,23.7742903582809
"ICI_986",3.49057553745406,14.1280918523969,28.4731752467179,13.5571205975807,61.43254710862,42.4090308394224,24.7597542588791
"IDS69",2.92112814639955,13.1512628638068,25.1430291342685,12.6385289873197,37.4413643009059,30.2454279770266,20.8999354607397
"IDS91",3.0663695891851,13.7753271759783,27.4985567194396,13.6984213212784,36.7552308543756,29.1151377656423,NA
"Il14H",3.16764877920046,11.5583694061626,22.4335498308717,13.1630579732626,25.7508199183407,20.0049888886977,23.6806093248909
"Il778d",3.49452029029494,13.498877737733,25.9109735850083,13.646295899694,31.2644749002759,25.3755934314942,21.0009113059475
"INB_101LFY/LFY_(A632_X_M16_S5)",3.39881610220737,15.5783735679105,27.2242942913971,NA,59.4845992116278,50.3215604822936,28.2174849268524
"INBRED_100",3.34749816674964,12.2896567456547,21.4375063446982,14.4494547708482,32.6085208251147,25.0728786681822,21.4202867959511
"INBRED_109",3.39494309736755,12.4970117551113,24.9680543132349,13.8590621996855,41.3921502829641,34.6522262229432,22.7600269240666
"INBRED_141",3.54284788411923,13.401829745373,23.8704439780516,14.1465602384081,47.2012549245118,37.2497349493918,26.8855687127022
"INBRED_2-687",3.52030714354852,11.3107891311549,21.2321777944701,15.7918041080544,31.1468138061229,25.6540593610743,20.5472550677651
"INBRED_305",3.26524211537535,11.1717375447764,22.2233710705343,15.7505888265836,31.1944091412663,24.7649829561385,NA
"INBRED_309",3.44321365837655,12.8350524145284,22.9084886104608,15.2842427997348,35.7925867773858,28.8022429305582,19.6392580308496
"INBRED_321",3.35130951488584,11.8795677980309,24.1424673718641,14.4754904680102,38.8042514974476,30.9734870675614,19.3581587439428
"J8606",3.54279987720892,11.973186934448,26.6520794306526,13.468952736961,53.6414864004971,44.0850297447351,25.3164478499666
"K148",3.23668698675802,13.1921475795761,26.3522044388931,NA,37.4098066304138,27.0781707506201,20.2076653913797
"K150",3.89158531678411,12.7408449169731,23.6787316256936,14.2447579244862,51.8595389138181,38.894134498088,25.1413649049665
"K155",3.50207479872513,12.4120349656544,20.5306433330404,13.6946016578252,35.4256796319912,27.0047180975981,24.9455572194813
"K201",3.69833338799396,14.6930619069013,27.8915065893699,13.9285966489365,46.1477847517798,35.1044051414397,22.7874732618341
"K4",3.58287482671302,14.0383780069136,25.1596969267455,12.8675372760915,47.8860506433261,38.3762271238905,28.6898689504886
"K41",3.54646942388441,14.1249107341197,25.9253927996036,14.2318880718755,42.7293750628971,32.0360915866546,22.798482917438
"K55",3.60252617096448,12.3704106790368,24.7942893131418,15.1401611415045,31.5585961713744,25.0221374852435,23.2829867341153
"K64",3.44676179645413,13.0567640164575,22.4485544661336,13.7455000166701,44.7793059257429,35.4698302928429,23.5245789283828
"Ki11",3.34929923886509,13.5349386839831,NA,13.1373631641398,24.559272714789,18.4046885177738,NA
"Ki3",3.47176590108705,13.0473955057969,21.732766626977,13.8913712172068,38.0744794792683,28.4516050468211,24.6895063936807
"Ki43",3.13067919093203,13.7352903857198,21.583530253489,12.9043128331238,33.5574327645455,24.995752273821,24.9052813589384
"KO679Y",3.24581319057111,14.090484877718,27.2456398369413,12.8003223886356,41.7373853608711,33.4288077646594,20.9783089759929
"KUNG-70",3.70649262431942,14.052626170714,26.8203330055595,14.6632199572427,45.7443078430431,36.8723677180314,21.2182812203357
"Ky21",3.63742577563749,13.411328073817,25.2927975811769,13.1588995033281,42.9308723141359,33.2667460853176,24.9216542131396
"Ky226",3.28800440021844,13.268959883242,20.1134272058536,13.7084694765864,42.1174324951604,29.1356310311723,24.5665183726098
"Ky228",3.20585797096001,12.0281677354077,21.6193308398302,12.9809721080316,30.5578113216103,23.8708496707802,24.0381738866271
"L_127",3.69712949089155,13.7091672129882,24.5150156533733,13.9451664759096,50.4818779633793,40.7091800605504,24.0639983530185
"L_135",3.24135565004316,12.7899942313571,25.1605559989937,13.8620936235352,46.4680288365117,38.6886032937083,23.3724302459359
"L_139",3.73973198672846,13.9905133249937,24.8079480527113,15.1680748212955,40.6300060315847,33.9108379411458,24.306970017196
"L_155",3.82445794651761,14.0767020494863,27.244376767036,14.508909566455,50.1397918055191,41.7641100091072,24.2465586985467
"L_289",3.49716117658788,14.265663737229,22.7688019600676,12.8889768195213,39.5664938770673,31.6757508633601,27.3742943808729
"L317",3.30484414995069,16.150163374409,22.0822969587099,14.433783530371,31.647230000183,22.3368564284726,22.011113886656
"LH1",3.34876683638339,13.2804031982487,25.4677652690834,14.42435983483,39.49134900895,30.3181307619452,24.9050423294226
"LH119",3.87377722866916,13.4448369472415,28.855653597952,15.115926860572,55.0601609492701,44.5487832847896,25.0342190245015
"LH123HT",3.81696927657168,14.4449254032354,26.3445804123638,13.2854594497976,45.2763654733765,34.8524394378565,25.3189972295894
"LH127",3.52377285978803,13.5535636741627,28.2770207806983,12.6415931270697,58.1987677337271,48.2416550243872,25.7069082372636
"LH128",3.41729078387832,13.4643637560611,26.0407494200364,13.7340474710598,51.2887925473525,43.1337416054389,24.3518190326309
"LH132",3.73156082286442,13.7727316482905,28.2306068526302,15.1273056043309,56.2764054623273,46.5242202804843,24.4991133885063
"LH143_(Maintainer)",3.43989953836433,14.4041981910838,26.4602510908058,13.9779396469382,47.1121927004227,38.4228534543572,23.1561004811109
"LH145",3.21258617746889,14.2957859171265,29.6342666040767,13.8080305995807,43.0633314442412,35.7119425056407,20.6213049962959
"LH146Ht",3.62889990372069,14.467705533038,28.32751660656,14.1614167713858,51.0047814477207,40.8494291747188,23.0518756159178
"LH149",3.57376577477701,13.8689949889399,31.8660915564592,14.3377259697939,58.2318962728127,49.2948705132042,22.6302875236313
"LH150",3.73708548321674,14.7828142605294,22.1029081467103,14.9363357610282,45.9701143479369,35.9894133112496,28.7148952085718
"LH156",3.24414933766717,14.7496072840288,24.4968738262516,13.9766616011872,50.7140985567556,39.623081743155,25.7631836234562
"LH159",3.50939967607538,11.5875390635604,20.3909578031702,14.4881513330957,28.8802035573698,21.9586537695287,25.5511220213907
"LH160",3.42068847177158,14.6922051944823,23.8441527049676,14.1738288417559,39.4734723012387,29.7913144007075,22.6549568970615
"LH162",3.27143800593487,14.4220432542976,29.8174768782289,12.9372521354344,51.1347453755351,42.604987981771,21.5577995679301
"LH163",3.660874893634,15.2074794354594,25.7427143997429,13.9278447914287,48.2325570093936,37.6967149016823,23.7190447967078
"LH164",3.52843823496866,13.5350053831857,25.005688534141,13.7224489884089,45.2494186235112,37.4761427931383,24.0482621775306
"LH165",3.56572567499523,14.1738576287872,26.1524714777008,15.0692808639953,47.3030940519482,39.5910849779793,21.0857654775428
"LH166",3.6100252879467,13.4868678062009,26.0436549120055,14.7368909679277,51.3335163210524,42.9517183952725,25.223663756452
"LH167",3.18079200678104,14.0098851005936,27.0996726972781,NA,54.6180358397712,47.3362619413748,24.2672081527742
"LH169Ht",3.6538878624962,13.9695018445121,27.2653763437829,15.676492152646,47.1967702033395,39.8867080492955,23.6746558816049
"LH172",3.72938183596934,12.5111117141676,25.0263649683827,14.346306084433,44.0264729216098,36.7247422421483,22.6149408038828
"LH175",3.64429737351035,12.4783187209493,27.4754684092383,NA,42.1271899478457,35.3526254978166,20.1050579110567
"LH181",3.40475604749477,14.2908920939294,29.4275575175041,13.6888941566723,60.3454728271147,51.0414146422707,23.3588642797539
"LH183",3.20628678624911,13.8574854368079,27.2717772569249,13.256448974543,53.6277885506212,42.3069737055675,24.5010612509464
"LH184",3.74212435589006,13.2157655252142,23.5376057199844,14.6116012723179,40.5450249463299,32.8051880861331,25.5437523624839
"LH186",3.51572875491902,14.2323343351158,26.1460502895975,13.1272367280425,50.5023729832284,42.1513471649501,24.0399795530087
"LH188",3.39322149529317,15.8850687602647,31.215861964525,13.0709041674494,62.6923676499768,53.2486678329915,24.5142718892922
"LH189Ht",3.3051461735533,13.7918190072984,28.1632770041545,NA,52.426308246824,43.2776216633862,24.5520379719638
"LH190",3.36608847212111,12.3266274105982,21.5592198680888,14.4930107662297,35.0424782799071,27.9118088120016,24.6377306673675
"LH191",3.61662853643316,14.0314205279117,27.3548262932121,15.318039076339,51.2227522732205,42.0514165721449,24.6758928623417
"LH192",3.75085671787362,13.8416660707293,26.0022919041525,15.6935868815082,46.1254613266163,37.9973591496486,23.7706238772242
"LH193",3.57855289821844,13.2539921547834,27.4405888407215,14.9157844268889,48.3654143699808,40.5709359385265,23.3897910195816
"LH194",3.51202654709888,14.1783754237402,22.6681908860079,14.5152924202477,46.3026905144778,36.5632111979798,24.9330335413994
"LH195",3.52338642771185,13.8339771477113,27.0542768269774,15.0734180870503,50.3099721336935,41.7916483361955,23.9194870016306
"LH197",3.74062487825582,14.1596248538584,25.5427598377995,15.2784508240027,32.4777415610237,25.9560194521688,23.3469862307112
"LH198",3.95088296921394,13.7636304981122,26.3256553286916,14.536302683321,54.0455407175533,44.3270584648286,25.9730006564473
"LH199",3.7228600005601,13.5932796454654,26.6159718821362,15.3252876986546,52.6311817033124,43.6971034106473,25.6036169489988
"LH200",3.71205172473722,13.3181150147682,26.2056893686417,14.0117665050462,49.1992565952281,40.5446535463659,26.9129444567986
"LH202",3.37097229560962,12.4063075854087,26.9589721057245,15.0633830491672,39.1006658908791,31.8626243725818,21.9994378164117
"LH204",3.58769277171658,14.1325621488577,27.0036360753225,14.3788968836084,45.898222240569,37.4331001755043,22.9084398536083
"LH205",3.70375593039781,14.4896708934723,28.9200242804048,14.5662577188529,55.8795651284238,45.9023094441471,24.7125766161579
"LH206",3.33648500420874,11.8624694598965,23.102012834053,14.2326638239167,39.9166002554079,32.5797347628564,21.5977760461697
"LH208",3.34710645369147,13.3124579146462,24.7241583115747,14.9844415356504,36.8241886093957,29.9613713421919,22.8251729552006
"LH209",3.82973461043486,12.9827401123255,24.9340188267254,14.3527706500033,54.7611129056637,47.9099189989691,26.811491854757
"LH210",3.25100298621179,13.8043509925243,21.7041907412539,13.545200535783,42.2901560725586,31.3577998565085,25.4364680595494
"LH211",3.46846148928519,14.1502847404744,23.1736660955911,13.6384062187844,50.300792665988,40.956496339358,27.2648353608701
"LH212Ht",3.50894966831551,13.5277573619854,25.547950339926,13.767127081121,54.3569775809911,43.7409243493263,23.5942601280238
"LH214",3.72953704546949,15.5326542343842,31.064816806987,14.0633421758321,55.0359885353645,45.0515800217841,22.3642452835182
"LH215",3.3665727529681,12.6274240560583,23.3001785354278,13.1489893674733,47.7525364892815,38.1722476845637,25.786778541121
"LH216",3.333160281218,15.5555709033952,25.6764276933621,13.1312566070408,52.114520046959,43.4356478003448,26.3036067981724
"LH217",3.83702203477671,NA,NA,14.0632513528304,NA,NA,27.3817632128312
"LH218",3.48501394308143,16.2329535717663,28.397405688151,12.7697649071738,68.8564176903796,55.3368415308562,27.0430381649695
"LH220Ht",3.43507369663702,14.0800815797841,25.6133526168525,14.0740381925084,46.7847832289985,38.4414511974612,22.3851158195685
"LH222",3.57692507584766,14.4327668163208,25.9763541342357,14.0921449115324,42.1185387401863,34.5528403024991,22.0352660261757
"LH223",3.33765289082644,13.4107236069076,27.5532905523293,13.8300777880903,46.8873789075517,38.5754557097657,21.4594213531401
"LH224",3.48456119483016,15.427435735717,27.3177223541005,13.90340462679,55.660187311274,45.4351336606963,26.0066862009285
"LH225",3.58097510590723,13.7243931616607,29.0390752606946,13.9188803984882,49.3008804883667,41.5007357856155,24.2294915942311
"LH231",3.68888504395346,13.7095653253531,27.510574717035,15.1001339103437,51.0290991071202,41.8721858698402,23.3173179692655
"LH250",3.72765156493641,13.3203874873906,24.6451253751607,13.917375984882,51.4420819189619,40.1175065591854,25.5887029138275
"LH252",3.09087319567467,15.0373535979531,25.546299317873,12.9062067778002,34.9274906861122,22.9266389849703,NA
"LH260",3.2844536221286,12.8760764746602,24.0418321637031,12.764823652477,39.6053423372543,32.491897032475,25.5752418745331
"LH284",3.43865849273965,13.6226941507636,29.4767014530678,14.7802164246031,48.136928916367,38.9423023332653,22.0602169356854
"LH299",3.80346225527412,13.2395205535263,23.8206528509899,14.8427598613498,46.6336339528575,39.3724346418709,22.2343753775126
"LH38",3.5750752547537,12.5949259413181,26.2251119804806,14.150601123356,51.1494659935212,43.4147517613455,24.9420180243942
"LH39",3.51250819702727,14.7987873452179,28.2756717826373,13.9850841038622,52.4154162620025,42.6337774729997,23.0244315775908
"LH51",3.3755051283472,13.4226979998236,28.2678759857882,14.7288009950927,46.2562016317475,38.0719378717444,22.0087009132504
"LH52",3.30534034242581,15.3192060783831,30.6768320169048,NA,60.9195287985243,50.4510100083504,23.1455921648593
"LH59",3.2492354325659,16.0804832420895,28.541490871308,NA,60.1170482134791,51.6720094537682,26.1336912572652
"LH60",3.60341775125053,13.4331711459808,26.2781473865082,13.914099822244,41.9080390084905,34.2827490313404,24.2128047851399
"LH61",3.53248463463402,15.9702361168834,28.5381525987466,13.2165919927941,61.9675176249519,52.154495861621,26.1624840320916
"LH74",3.41929470704912,14.1616954115239,27.2712815450001,14.4460908304051,54.0092750188044,44.2064737352993,23.8175807015522
"LH82",3.82699763259782,12.935344245948,25.8526013812194,NA,42.7222210109421,36.1383544276963,21.5086489504607
"LH85",3.4554283640202,13.3157235394833,27.4841368046441,13.5634468863259,45.2221308803027,36.8230955491857,21.0584825036036
"LH93",3.3232921363602,13.5406108268917,26.5687113931886,14.591444595192,30.8746669842868,25.3482989225216,23.4792581624448
"LIBC_4",3.39816480635252,14.1382592538302,25.3609104591699,14.6846163652096,46.4007177335333,38.121625380565,24.239873844659
"LP1_NR_Ht",3.57273148322507,14.9399130503686,27.7710913436225,14.705071791936,51.9052142585248,41.3076747281663,22.9343627967565
"Lp215D",3.65926105340555,15.649554501221,26.4743898822069,13.8263728764845,54.1093469782135,43.6877162319824,25.2094519818671
"LP5",3.72825627538788,12.2823762978913,24.539597087044,NA,41.3485347511445,34.010225080102,23.2037547389315
"M14",3.33033211872409,14.666976567054,28.7131388845864,14.2943602971204,35.9880868084002,29.0721286583663,22.040602050286
"M162W",3.76592144477264,14.977853068549,20.4580800534951,13.9980338202585,47.9922201572221,38.4197119919914,29.019143013589
"M37W",3.36347617147203,13.0848802963736,20.3270165948579,13.1043846868131,37.507971749644,27.7021732254127,26.2982354103756
"MBST",3.5142996437304,14.7533324476359,29.0462416926141,13.6852115974434,63.6760688931577,54.7664827584975,25.5592004442723
"MBWZ",3.88617452043329,14.0564070216132,25.1015430999255,15.3983889288611,41.7503228245891,33.5141314658834,25.3528762978846
"ML606",3.47821911213176,13.3664134924268,28.6396004540975,13.5545090620911,54.2685295778797,44.715490782814,24.128340006364
"MM501D",3.610062754123,12.8211744087394,26.3999220527483,13.835712038081,47.8555971103454,40.1159879466704,23.6991832109506
"Mo13",3.35154527269594,14.6025164317361,27.1562532201306,12.8404608253032,47.9835244276747,37.0666600806678,24.6564144745208
"Mo15W",3.82386678685782,12.0366976790768,22.6752533694196,13.4550559731859,48.9354144205314,37.7183739454027,25.2149972266757
"Mo17",3.58291911664724,15.2741543849178,28.7705285696512,12.8447954421417,58.1774055307366,48.5313236694697,25.7717818532104
"Mo1W",3.65713164572576,13.1598874720359,25.8813982916722,14.9436215820634,43.3988063583244,34.5218641511407,24.4590957716028
"Mo23W",3.9187628467773,13.8057823402632,23.4495693103707,14.9575585385382,38.6918008849178,27.7701946933408,24.8402963500683
"Mo24W",3.43782156045167,15.0094627161989,24.3656657881626,14.4040105644209,44.8558365951138,27.6947761061903,23.7657965745241
"Mo28W",3.5247941303621,12.6974758818584,24.3721234149684,14.2638229225383,40.2567864396391,31.7602281779385,25.124611988655
"Mo3",3.36840137744409,14.9850412232952,24.2538558246478,14.4815471396489,35.8028331044968,26.1075182545038,21.2295740506188
"Mo30W",3.33775597433467,12.1462967296986,22.8736470342404,14.2981012855585,27.4487207316903,21.1856854756491,21.2261275689008
"Mo39",3.53165089288411,14.1171545811777,28.2925687517054,13.3806959640319,57.2622267985514,47.0275747014025,25.0144989013855
"Mo44",3.3618864907081,14.2854879951618,22.7086873463346,14.4292535967417,34.3422752296809,25.8561040930573,24.822164757718
"Mo45",3.19910600327959,16.0228236296759,27.9162820891168,13.7536221308555,46.5520371749557,31.5878600182841,21.7249917123439
"Mo46",3.36171649935749,12.6891818084484,22.2724815256408,12.909186625672,47.0162676375895,36.583666899063,25.3661239875608
"Mo47",3.40348418023192,13.1855853661287,22.6251405394075,14.136357376043,27.4950268073113,21.7260130302968,20.9944656619684
"Mo5",3.51868056188958,13.807950362326,26.3805823179694,15.1714492572445,45.7911433705323,36.8744532820121,21.5354372173453
"Mo7",3.51162717130332,14.1668426704059,27.185552464931,13.6950427152587,41.0132671908914,33.1414673484442,25.5579745418309
"MoG",3.72388299219313,13.0529062105025,22.8459444367602,16.0470581055666,42.8026668709994,33.2137596795844,25.0916368952704
"Mp339",3.27600912350501,12.9825759747087,20.6594569861219,12.9580279387856,35.9832405167114,26.4218697460051,27.8642426541994
"MQ305",3.47142804989629,13.7358005065642,27.2834573420711,13.6456104197419,48.9593758423301,40.4457528548258,25.0785839616957
"MS106",3.56468526048222,14.1273112342688,24.9238153482822,13.891824436776,46.5727726010538,37.3582674747545,24.2249258003734
"MS116",3.32283295740408,11.061295338998,19.7175395418324,13.8346364285667,31.0987231249164,24.5407958114967,20.1537880638819
"MS132",3.58521941296973,13.9426387263279,25.2596008597963,14.6972530213801,46.7266481417963,37.3641388354879,23.5823261961539
"MS1334",3.35181978100512,14.1540999770281,26.0141328070439,13.2983304814128,32.752580284095,25.8067199194382,21.2189941619857
"MS142",3.45761503377183,14.4097719061988,25.5862025334606,14.5057386118778,44.5308606835508,36.1563431960869,21.5705105071912
"MS153",3.63177651379907,11.7788999478185,22.0650174486349,13.7314479602479,39.0744806035506,31.5964588388993,24.7779562785143
"MS200",3.6712273072976,11.6197312244181,25.0211112794081,NA,37.4449739946955,30.9065469633049,20.2520247817224
"MS221",3.3449992126474,13.7819409208647,27.0490788789693,14.757243160008,45.5388457771778,37.3315207251958,21.5607058272794
"MS222",3.56728360901629,15.1910640776506,29.6916982595161,14.6164606914498,51.1161174571777,41.5906792539701,21.5209486039008
"MS223",3.49863810229133,13.4853199010195,22.0038727109509,13.4183934409647,44.9031177244554,33.6945468737366,23.1733776403778
"MS225",3.34640633059385,15.7692995424917,22.8624223461092,NA,54.3817167471932,40.3924021158565,25.9503367491205
"MS226",3.47338155484998,14.098928007821,26.4902934140864,13.7732772661996,54.1587943500451,45.0952620256707,22.7440343519
"MS24A",3.4879765242956,11.5509482681766,22.935907311436,14.7642458419757,37.4808040140106,31.1884248102262,24.0237603915905
"MS67",3.44688450282474,14.8855345413291,28.7603114723934,14.0962754870424,49.8430478014757,40.606790698002,20.4138954204116
"MS71",3.50701691396389,14.111613259155,26.0159273889451,14.7542059632643,46.836860821381,37.6449579780493,23.2788135653211
"MS72",3.53772870708664,14.1401390862991,26.450835266436,13.2546681173439,44.3713476627923,36.3265123697506,23.7210938213232
"Mt42",3.26919034474717,12.9613303025729,23.537261128854,13.2642060511326,33.1568765965292,26.6682210982795,20.8432071695534
"N192",3.64905389731933,13.9428588295289,24.1235267823712,14.6328757007307,50.2008570958954,41.1144151069097,25.9078194879334
"N193",3.7968803485657,13.8377574711593,27.5611431846172,NA,46.2523922287745,38.6738214524694,19.2824145389583
"N199",3.63575039594638,14.8167095822422,27.7201583651459,14.6885634485568,51.7361011580788,42.0734061389149,23.1284127448729
"N201",3.81090071646042,12.8927394631563,25.4823374759126,15.4441617560366,39.7554595235742,29.7958620960416,NA
"N209",3.87549802256409,14.2649517368205,29.1641157141363,NA,38.0699822829822,31.3710815067474,25.8224891730667
"N215",3.70336777360981,13.0331644778269,23.7566936217076,15.9465081700547,42.3199686121787,33.2485588677234,25.2654095857108
"N216",3.53810562303518,12.8224420452087,24.1950216244837,14.9778319844756,51.3980917712611,42.3079911460854,24.3114319982954
"N217",3.27020104418401,13.5105508284744,26.889404413287,13.9943494522874,47.6402573172026,39.0008470716185,21.3667037726001
"N218",3.65300869432907,15.3629416562331,27.388392540292,14.6504846900381,46.6067705984093,37.1249282429446,24.2017419965695
"N28",3.60937583196151,12.6456151011913,21.268254431065,15.3068943148652,39.8420984924542,30.2230695444054,25.7768495813211
"N28Ht",3.6520620695408,13.6716888259447,27.018964104175,15.2402832640805,47.3833464492343,38.2752857128888,23.0588399566911
"N501",3.66504509415129,12.8665365833384,24.9549551324528,14.7514306682225,47.7477421455182,37.8193236525526,24.1469075763387
"N523",3.58192642667518,12.9558555941476,24.0078346086678,14.6849292194788,44.3955564060235,35.2250492838664,23.761210759171
"N527",3.59840116513783,13.3737981963128,24.1201252454263,15.22272766851,45.6168029210646,34.6780988566483,24.6482187461818
"N534",3.45035099827898,13.4011860116412,23.1551227266732,15.0249790978445,41.7574003640807,32.1810038808806,22.5025504707779
"N538",3.67188013673572,14.6461138711829,28.2592968341876,13.7919991194966,57.2728663086998,46.4270425001032,24.574065649642
"N540",3.58881436718562,15.7176878867736,29.641410758236,14.5501806296177,42.9206173880279,34.5827513460264,22.8184759412455
"N542",3.41598285421472,14.111637462948,24.7919416686091,13.9553489728838,45.432185542138,35.4037240520986,25.2774533097822
"N545",3.64214057722943,15.8914362378081,27.3461677974933,14.8152136998974,53.5461514091281,42.2892192741142,24.218847399744
"N6",3.59838175172851,14.2676984461182,27.6081902442459,13.782009039937,55.7275408642865,45.2610461632078,25.1719739027113
"N7A",3.72530668093726,13.0774621202774,27.1693355999391,14.154088662335,25.9200509079386,21.0620362353718,25.0734719618432
"NC13",3.0384984578686,12.5165317267085,28.4102319926992,NA,30.9052171806026,21.5942034866976,21.3017544308384
"NC230",3.67104269111405,12.1155481585233,24.3800082965516,14.9505617412949,40.1674500527012,32.2611582564095,24.159026929275
"NC232",3.98572350286385,14.4820018576723,26.9309608812521,NA,49.2295698586425,38.4213087215125,23.6680355935635
"NC236",3.76751042696578,16.567198714566,NA,13.3570866657235,NA,NA,26.8218138597619
"NC250",3.53317188044953,12.536461791605,23.9808828221202,13.5750429172333,44.6055160735311,34.3355341935822,22.481857446036
"NC258",3.33967607315859,12.869600879035,21.4906271660315,14.1062396696007,26.4498335559589,20.7240254720795,22.0516794425006
"NC260",3.35789897053246,13.54038216315,19.9742013563681,12.8992507570797,42.0147486575683,31.6287921258854,24.0109487460024
"NC262",3.76356336915933,12.4278070806908,23.1053435143331,14.317838866435,42.1782339908815,34.863895624982,25.5552815150574
"NC264",3.39149924746791,12.0023472820721,23.8706132139532,13.871491542732,46.3907221970631,38.7423810044471,22.998222161499
"NC290A",3.12284490708361,12.2234700923312,19.9988996776859,14.9178144645306,25.6430699860233,18.9492105248702,22.3217399119581
"NC294",3.63924315648708,12.7060739773737,24.1047175364754,15.3969412437442,37.6366814677918,30.1808472052381,22.1181144577992
"NC298",3.09385289106897,12.8607648496508,22.12218664739,12.6831916778113,44.7449528890787,35.8835565575853,25.2947446613718
"NC302",3.48230003526602,12.7920153969077,21.6244795587932,NA,45.6705091716059,37.7462220470953,26.9572273558658
"NC304",3.46045543649553,11.9306971144006,19.955643470964,NA,27.7542476272063,21.6958190635265,22.6420416668361
"NC306",3.40070468276668,12.8740156214048,23.6767439956454,13.7026220568131,45.2120309928988,37.189451384674,26.1566292719039
"NC310",3.79345323692319,13.1666264380378,25.7369054021919,NA,36.4526732820012,29.1562848890918,20.7152340454145
"NC314",3.40477972737656,13.1379521520756,23.8225035410925,14.3408102498408,44.7826129650594,35.7875220046287,24.4549587506401
"NC318",3.02301036713562,11.658839321786,19.9096508196366,13.705011299027,32.2750074432696,25.529120211643,23.6082391959466
"NC324",3.24576857424997,11.9896397511791,21.1382737384336,14.6753583378443,32.8480126298758,25.7629501895557,21.6363197794765
"NC326",3.58074499894027,13.4385041371987,24.3446890130334,15.3098539718147,36.0217943318703,29.2480070503613,22.4319765832531
"NC328",3.54898277106988,13.6170067584122,27.3707295417667,15.7129347647192,46.1153395347841,37.1755696263574,21.6210559884407
"NC338",3.2235102215492,10.6832178038909,20.0750214013106,13.1719606285661,33.2801203578831,26.8038681566074,21.5504204557839
"NC340",3.49244359633546,13.2188811798733,20.692445099425,13.7898303496682,41.0532363079466,32.2213300237654,27.9930803806306
"NC342",3.51669300266733,14.164950806715,24.5253802695019,14.0016730662421,42.4617243028707,33.2068402693206,23.8990365739525
"NC344",3.45204156270462,13.4280536732644,27.2250742778694,14.5846655988775,42.745599784634,33.7045531759288,20.5698586526653
"NC348",3.34257028293677,12.8912373474597,21.4860509954136,12.722449963751,45.07162983812,36.3386194178788,26.7386701080957
"NC350",3.22338793001518,12.2883830564245,19.2936567583831,12.7892243655712,33.6651844265515,25.7870044262859,23.4242431600862
"NC356",3.40063370076114,13.0464995199287,23.9763323615481,13.5993519567107,45.2000417623408,36.9720749835623,23.9786830683032
"NC358",3.13121599546929,13.6515536757721,25.0482674332519,13.2154096406889,48.990722811258,38.4930979387224,21.3854765067071
"NC362",3.3326398975956,13.7736653602255,18.7105799137228,13.6689791021583,30.8162944693414,23.6986435697528,28.2890500788378
"NC364",3.46526276814632,11.8556874797448,22.5380652583978,14.1348223050719,33.78137732484,27.3332101802543,21.1194283824468
"NC368",3.60018250979662,11.4200431310108,22.1937459800896,14.6312036541442,45.7696299368632,37.1985275649491,27.3014485008799
"ND167",3.12550107008514,12.3548443149042,23.2945479331932,13.2456267905754,27.2768060216213,21.7963022286952,NA
"ND245",3.10850811469868,14.0214095479112,26.971879102285,12.7172763261643,46.7825805529752,37.9104344338428,21.5586264043233
"ND246",3.02714057512867,13.4678469320049,27.1016701609884,13.1258713079564,42.4187475801026,34.2750988651753,20.9895326194226
"ND249",3.16485397958585,12.5983112478126,21.8308557870614,13.9005555818557,36.1112029258369,29.4292310512093,22.8721218685027
"ND251",3.35316669654594,12.6336963022968,23.8945660282552,13.9836892523661,36.453919690315,30.1462360647119,23.6655998369709
"ND259",3.54342776130011,13.5851517686886,25.1797547495558,13.1454268432336,46.7444644095768,37.5957098545031,25.2416228926919
"ND260",3.2667623878026,12.8222965245384,23.9744493266152,12.9678224381493,40.4156221636109,33.4686258427261,21.7104182263259
"ND262",3.19453467471558,12.4821510034956,22.9723209436903,14.0928333192057,31.9937260868023,25.666595713494,23.2730784793037
"ND265",3.48588345274772,13.2416765057962,NA,13.3778524580372,33.0542106135185,26.6297892500688,24.27617808672
"ND283",3.7385350280392,13.6384497862576,27.95282118485,14.6196538214233,50.9213154480765,42.565630052317,24.8443814966153
"ND287",3.45077825692531,11.603579928245,20.2773110148424,14.7129051727485,29.7344349588951,23.3794940153776,20.3974079621198
"NK740",3.33325741533534,14.8812959248339,28.0327410348447,NA,62.4300409215549,53.5400603480936,28.1970720421842
"NK794",3.54845148812623,13.7220517656882,28.1829567415909,14.4320822915593,58.4485186659603,48.9227708822533,24.9316205247851
"NK807",3.83023699645452,12.6703385357073,22.6556797572452,14.0362049230709,49.0694149148341,39.8370423295022,27.7145950906867
"NK907",3.11281727501625,14.0548684807589,24.4738519212715,13.480785382235,42.2838582202705,31.5472533320019,23.1994560400592
"NKBCC03",3.56984759157208,14.5650477822142,27.8306028503939,13.6346405750725,58.7218740766762,47.4503526339465,23.4028469765765
"NKH8431",3.74292258633182,14.770014112212,29.188323733991,13.6022561913003,62.8536445448329,47.354483030458,24.7140978884798
"NKNP901",3.86164800695335,13.8911623635768,24.8342615979854,14.5817782254491,42.8529561733581,35.0043560756353,25.8944502106238
"NO._380",2.9720122548717,13.5953701684994,22.3198478186744,NA,24.4316165785665,19.5249452133321,18.7941943012344
"NORTH_7",3.47817842603907,14.7133403363985,29.5457485792485,14.8897698395991,46.5616814506493,38.1799283665101,20.9582349615912
"NP87",3.06537206097095,14.1951726498466,27.141291665778,14.131821710422,42.9409432861667,34.6763813201837,20.4102942370442
"NP899",3.23692781507728,13.7177946836077,26.6743551872926,14.1833462379751,45.4091125372122,38.1547297371456,21.4797747665112
"NQ402",3.50345811023559,13.7031907967558,27.7337596543677,13.6574878554305,59.5630751390834,48.8324146082213,25.3493865107358
"NQ508",3.70840997816895,12.7575913296946,24.0086069796265,13.8906691226088,49.7040143243538,39.7792907237286,25.3963821265607
"NS501",3.30817217407297,13.5592715241959,26.6177195753014,13.2649538196419,47.3062747961121,39.8132467525172,23.3436781179937
"NS701",3.74202184744045,14.5038163237128,29.5316896162158,14.666768364197,45.4754161904843,38.2103546846674,24.1269484735126
"NY_159_(Neveh_Yaar)",3.42735699143273,15.1978119391502,28.8467598833711,13.3728250642428,48.5524311503033,37.8965627188341,23.8992785068257
"NY_166_(Neveh_Yaar)",3.59388169887346,13.7928333974729,24.8339858453389,14.8282535834184,41.4095071180079,32.6243273440182,23.257003993929
"NY6371",3.69006297038004,13.8039294787464,25.0295300052276,13.3377807662945,46.2571444414061,36.5910228478806,24.2246505922559
"OC19",3.33512604145195,12.5465358017596,23.9007517364208,13.2829639855411,33.1914744789539,27.3304385128735,20.1266414685667
"Oh3167B",3.56492733904468,14.3093955391798,28.7572651221905,14.4492236478283,43.7226108639024,35.0967321489323,23.3868807859688
"Oh33",3.19045947652894,13.6666385656501,26.4594198826907,13.9491486417382,47.8535821612862,38.7103535951765,21.4279370318166
"Oh40B",3.02109444355725,15.6631774465689,NA,14.2001970939876,24.6745862986487,19.7662876642727,NA
"Oh43",3.53027006344882,14.8752562466796,29.2530760488016,14.9527322746662,53.9571310535219,45.4547498933223,23.3383130375643
"Oh43E",3.55125381394034,13.1049190662404,26.2635773396925,14.3881945085603,45.8587361116648,38.4695573288654,24.0882877525435
"Oh603",3.38628815049335,13.9730147130434,23.0814505378465,13.1867477190645,35.9066310847616,28.0634395749661,25.3556432885528
"Oh7",3.40756014098845,13.8706730953153,25.7397402429276,14.6190026994439,35.9863644249999,29.311700727378,23.6493117500483
"Oh7B",3.4144671516654,13.3393293739503,22.8824268439405,13.4976177625671,29.8144514190909,23.5446736218853,28.3584612956722
"OQ101",3.05534982050157,10.7597994644208,20.3280351185011,NA,26.2847558561013,21.3704180552733,20.5009663409137
"OQ403",3.3655219464063,12.4322430983568,24.2071157923672,13.7460113840511,44.1256944516028,36.6741066339916,22.0237821143295
"OQ601",3.48156186356157,13.8794792472465,28.3402964694756,13.3903480071035,50.8573747413613,42.7445051543436,22.9150184725646
"OQ603",3.30149672167865,13.0260127670034,26.5322423945484,12.8365936289938,53.9762661050343,44.4786944986756,22.896292765549
"Os420",3.56801747264611,13.503042748616,26.5588188208865,14.274571838858,44.6241301814623,34.7758932668742,24.0187006760353
"Os426",3.82945982803313,13.5629454293975,24.6534717930351,15.2881453065123,39.9079619582918,32.3136723290068,24.9478090716031
"OS602",3.42635653773823,14.4133929002251,26.8061418074729,13.2301037109627,55.3644237486995,45.6392633218876,25.4275406055168
"Pa392",3.72042558343388,13.5950790816917,26.8682457117079,14.9611924879759,44.970203968298,36.446985034545,21.365749317878
"Pa405",3.46559248664819,13.6841314250619,29.2739818375371,14.4418920617565,46.7733811339147,39.0013296345793,20.9905529526894
"Pa468",3.4901028087923,13.2249870968927,24.2638357940483,13.6623268513686,48.4283443223095,38.5031121183747,26.472783994723
"Pa762",3.65106712997038,13.5745881315868,27.3983766667103,14.3618275531659,48.1729178668044,39.2400399553917,23.2678136626994
"Pa778",3.42619245382262,13.3196287807835,28.1198428764127,14.3150310227198,47.0097519953773,38.6721719002894,22.2095461529257
"Pa880",3.26154619151035,11.9429320674242,22.6181558109783,13.942458444633,32.3542657328037,23.8025105539959,24.0409618214309
"Pa891",3.31170884852235,13.8983047812405,24.807094632249,13.6084694048459,44.4800572944847,33.8097164663613,23.272710169518
"Pa91",3.47726673536596,14.4298997200747,26.235751199099,14.3358340029156,43.6142347726958,35.1355878790595,24.9697178330272
"PH207",3.63946478496033,13.7652361794711,27.7978816191182,13.8209176486597,49.2132904687362,40.7211941798392,22.8629805470275
"PH5HK",3.42714888499121,13.3731185660038,27.9386642655306,15.1993132658452,54.4798912039069,45.8593927966574,24.1010864981065
"PHAA0",3.62854948667134,14.308366058934,27.4966666410747,13.8952018309931,55.8093263062779,45.6407619405819,25.5469791057057
"PHB09",3.526553817647,14.8309836043937,28.9635483749201,13.5372728401323,54.9598558978608,45.1648637789474,25.1813011316984
"PHB47",3.55290316604247,14.5208929378091,27.3869185365107,14.2707915788875,55.6972464886828,46.0775246692598,24.2592233762521
"PHBA6",3.75008482254904,14.4446857640342,29.6724116838914,15.6169285582001,50.4232329882797,41.5804146867269,20.9972302340887
"PHBB3",3.45615986921068,13.7222030000572,25.6462716866373,13.9076448775438,50.2809435088811,42.3235351619041,22.7932610071738
"PHBW8",3.70173132906467,16.2788669502726,29.8737996216076,14.1612504697716,64.3011527218061,47.767341984798,26.3447697042984
"PHDD6",3.50332452955276,11.8348640723962,20.8290168628967,14.166274258082,24.3290014687756,19.7234914588086,23.1989213112872
"PHEG9",3.54948628861472,14.3482570818635,27.4386038175243,14.4007982798879,52.7008439825035,44.33826227599,25.2630148898329
"PHEM7",3.12981080823599,11.8040021248603,20.1737779704747,13.7397634910026,33.4982389838935,27.455483288798,22.9579597811041
"PHEM9",3.66745923033577,14.2794550175471,25.1596222492553,13.9596970251452,55.3714751885299,45.1890939827458,27.0915039749829
"PHEW7",3.67284292950058,15.5739896491719,28.9691378564734,14.6053202817105,53.9773074717867,44.0353164830305,24.392804421823
"PHFA5",3.38290593486573,13.1081049201531,25.4296007868668,13.8883309526043,47.6758354838132,40.5633498896824,24.7349117104449
"PHG29",3.62033353429504,13.9197078742655,28.1990087968117,14.6847451788735,51.5292687761894,43.1913294990895,23.2038287088165
"PHG35",3.4489583997005,13.5125457206927,26.6973456254464,14.1633586087488,42.2893762990581,33.5640389222264,22.3640962939687
"PHG39",3.49604363067985,15.4973814465676,28.8417459068166,14.4269101940994,53.3079892395172,43.705648536457,24.444730296993
"PHG47",3.59028205651681,13.4492427083563,24.797249257519,14.4576448704227,46.9863679795926,39.5153420548635,23.3002227263274
"PHG50",3.4481975432077,14.6300314308208,28.7457582436884,14.1936855204866,52.8510993112628,43.5265133400318,23.8972374459417
"PHG71",3.55703743573443,13.801030554176,26.4881768279327,13.9434515912037,50.3543458621567,42.2516547703996,21.4169740036224
"PHG72",3.36640021967768,12.8198948875459,26.0473781507765,14.1940784715642,45.6551991999539,37.7416315606398,22.8298152896841
"PHG80",3.72630467094177,14.0833941140791,26.0951424064545,14.9036669126598,53.5587158688956,43.7533076899901,24.9056537319027
"PHG83",3.65927734590367,15.173937378684,26.9198481977595,13.6970879696273,58.9250948313044,47.9195469916602,27.0688494416296
"PHG84",3.29247245537215,13.9716604160858,22.3589537117536,14.1769292112611,34.5610612607087,24.3511457959885,22.936724885425
"PHG86",3.57307669975233,14.7235843095268,30.1233943373001,15.2025117785912,55.5642597039113,45.1959591568507,22.8534965193101
"PHGG7",3.45220800809793,12.4004695364106,23.7568462671781,14.8817505727146,40.8811739427061,33.3042609382066,23.2554245472194
"PHGW7",3.60172788908125,13.3643446110459,27.4047405631466,15.3702309915002,48.7950930335456,41.0411272229566,22.5037218856563
"PHH93",3.60392290693997,14.5356457607171,26.7444771104842,13.4557615797138,52.1861237000721,43.7771957546402,23.9595129850927
"PHHB4",3.81402134315756,14.7151405120114,27.156945108877,14.2861771795847,54.1601098971239,43.9838939278632,26.9957794155073
"PHHB9",3.48534649675967,14.1170303178483,28.550514477323,14.3839885810565,55.8618699947266,46.4549818377015,25.1216852082028
"PHHH9",3.83567493700505,13.5523470367704,22.951560182785,13.667346580141,57.9208117364321,46.8444682962092,27.3336291602781
"PHJ31",3.46658008633957,15.487619369672,NA,14.4061082544902,28.6447705122762,NA,NA
"PHJ33",3.53047908126681,13.727691473445,26.9259805350799,13.1591406146802,60.3958797656106,47.1982786718725,25.4769292361182
"PHJ40",3.42381428849427,13.5442135009514,25.8893473007555,13.1809936997639,51.3665148801029,41.0937048570504,24.5746828449317
"PHJ65",3.56386862959462,13.5876694933041,23.504748190917,14.0743122751178,44.2052710125871,35.2867689716513,25.3387132542217
"PHJ70",3.59195549069704,12.9524184105919,24.6793376787363,15.8373475778679,43.9900669196209,34.8991224773452,22.7373883787756
"PHJ75",3.32574713999816,NA,17.8898548838995,12.5859399498376,31.3142440436065,24.6931780624034,22.8483058861896
"PHJ89",3.61191675104768,13.123332578034,24.3203588817445,13.7561575909231,48.0999575041691,40.6178418510351,23.891075834824
"PHJ90",3.64421936404374,13.9556124193748,28.8011850778056,15.8169019127874,49.7691163445223,42.1001728667147,23.1892556859048
"PHJR5",3.79985187020248,13.997111242354,28.1937080856982,15.7799959159945,53.7654231561212,44.133331948627,23.6122260417743
"PHK05",3.30512425326355,13.038110123983,22.4861492595794,13.035059779791,36.6851602191325,29.8190851047448,23.9998794390603
"PHK29",3.57406113641555,14.1925329527691,26.3875252179971,14.7632668802568,46.5154278499884,37.9999146668799,24.3458723612389
"PHK35",3.74838497951279,13.5181679424708,26.2675854636765,15.0248121556188,48.5660518161107,40.2015086062996,22.5136649978088
"PHK42",3.77262713604566,13.99096551215,28.2974363118334,15.029389793498,54.6644231990067,45.954690922551,24.2822219678848
"PHK46",3.52290421966545,13.4863319806581,24.9413645139039,14.5744780036178,52.8583238232991,42.9781550578282,23.5970954591508
"PHK56",3.64169241128117,13.9966700421738,27.4105974608232,14.2310563027819,46.4213647507925,38.0170472865778,26.3954177160152
"PHK74",3.55787265182466,13.4328130285973,25.5556060367955,14.2697972589472,48.8725360519094,40.6325441184067,23.9653603961439
"PHK76",3.50135214547857,14.5168565908626,29.4612197919055,14.133636131765,55.6359528052407,46.4385194658364,23.8401864098991
"PHK93",3.35477183555796,13.4225109844518,22.5023827308568,13.9374156163287,36.4371760856353,26.6828605739559,25.6923851247268
"PHKE6",3.60507107303035,13.3274585003165,25.6037731555394,15.4157458547224,49.890434596677,42.6710334610035,24.3995600214782
"PHKM5",3.19755413047381,12.3360813998472,24.8278862890683,13.1008491713659,42.4586384132001,35.7422514378185,21.6780304811908
"PHM10",3.52079588944296,14.8737634455647,25.2673534306194,13.6925768394875,45.8365713136161,36.8871117300679,21.4778920900648
"PHM57",3.48317632733847,15.0436176903055,23.9603253763692,14.4851440892815,43.0398732400804,29.8901999932842,27.72980992287
"PHM81",3.58726015740799,13.8631361709242,28.0479436119395,13.0951548081239,45.988613011395,37.8730910707571,22.7045836335714
"PHMK0",3.69237137470621,14.0135825395074,26.1167856254161,15.1572622482177,51.3800346818366,43.0869779094093,25.1529068931464
"PHN11",3.47042090756319,14.0683587379715,27.3374762448447,14.5953999217614,52.5953504601295,43.1466793571671,23.0101717236905
"PHN18",3.76345961760122,13.3902199575915,23.6505038034787,15.673077449094,46.1521246367814,37.0136225433825,24.5267126612013
"PHN34",3.26907825866308,13.2909086529741,22.9976969544213,13.63522032408,37.4036278219148,28.51097357562,22.6284198085137
"PHN46",3.73992544058169,13.8952612358235,26.0540808868897,13.8868158775138,57.472752142752,46.7122604596525,27.0495753079688
"PHN47",3.67233226041617,13.898979887031,25.7570564883654,15.1667546026243,47.6721909577399,38.9599402648792,24.5290698603228
"PHN66",3.41284427258212,12.8825760969786,26.443338972873,14.6240505212907,50.1347341306473,42.4631816813941,25.4119306878856
"PHN73",3.58430032604705,14.1915636157547,24.3300062228182,13.7328376490296,50.3604923554273,40.3227812757435,26.6164758294183
"PHN82",3.72736836168925,13.9138262027314,26.8915864358843,14.9512262488672,53.6205533076571,43.6541508024462,23.7346237795789
"PHP02",3.49901292637205,13.8849431298569,27.070336255283,14.1810550915024,55.9906669568881,46.9952993826917,24.3317424340667
"PHP38",3.72944086829469,13.8829369348813,25.7308336338566,14.3758934932499,54.9180624339407,44.4561310878528,23.5124624225006
"PHP55",3.51117331836976,14.3066462705141,28.351553557916,13.5347751157573,56.4646938763677,48.599478690675,23.0603401442439
"PHP60",3.46951812838471,14.5411592154902,25.8157200752235,14.0038708591801,51.2777945260708,41.3549231640959,25.667876428487
"PHP76",3.71786853299433,14.7978901000658,28.4738961542341,15.1778104411013,54.1767590890991,44.6882446271169,22.6033871894801
"PHP85",3.8456115226719,13.7458072566182,26.4195845091529,14.2207107402615,55.8761471265701,46.6156695872373,28.663196636714
"PHPR5",3.58179761569849,14.1652160997347,26.1803519591921,15.085658117511,53.2060416347252,44.6612530827416,27.3041277943572
"PHR03",3.62957459477068,15.6714792106062,28.1034837668945,14.7821333956806,54.5750148653197,44.6090744868067,23.9175181384309
"PHR25",3.8190114491854,11.5626396870182,20.9980603942767,15.8056380051609,39.3804725121457,31.4798853630884,23.119108626668
"PHR31",3.53991888578507,15.2388114300685,27.7619278734108,13.9599870415646,55.0159567474681,46.4369618352565,24.9566679087632
"PHR32",3.85365536492402,12.7835440650367,21.6864758499205,13.8385661856815,46.0964643402965,36.5589708126927,24.1597810818238
"PHR36",3.42195348680911,13.5494374216253,25.9145423482762,13.9472170619478,48.1125131350659,38.6757137090445,23.9274697403211
"PHR55",3.63942598020086,13.7334955849101,24.2420720574365,15.1985483728835,39.3899723424057,30.8885291617991,24.3309881303657
"PHR58",3.57758215453065,15.3854919094936,30.6110430976545,13.6948707393489,60.9700852663385,48.7241634151327,23.4655954781009
"PHR61",3.56813944276101,14.2522872788319,28.6404545500369,14.445121013536,54.498846942653,45.0789373593963,23.2274120977708
"PHR62",3.87289098941071,14.2877224774719,25.2953690999811,15.0020731746128,47.4338456990421,37.3646699689985,24.1914403179452
"PHR63",3.66884818108348,13.8362709665346,26.7305700344237,15.406547834868,51.9216956820593,42.7505454168848,23.5181512368832
"PHRE1",3.61927403259343,13.1300068930088,23.2886897155405,14.4033204436121,33.0860774960039,26.5879778344293,24.2108919530027
"PHT10",3.70025667358494,13.3818779642482,23.3955053787922,14.5654030833427,40.3686867406396,32.8366638106377,25.6155621584571
"PHT11",3.53618667245809,14.4092698037475,25.1817310353613,14.4769070308624,51.1365963244294,41.9166388480082,25.3114292656254
"PHT22",3.48436703865312,14.3703169661848,26.4357386247477,13.652819450649,59.5098624493436,47.0200951732894,26.3406369824977
"PHT47",3.44549032238469,15.4832022231045,26.8175314510156,14.4511046379473,55.3825545434921,45.1482391653139,25.6109562099131
"PHT55",3.36670602495656,15.0555151168226,27.6466024907617,14.6154631026384,51.5503444633683,41.0521785475937,22.8808431046831
"PHT60",3.39803473778024,14.0563856791454,28.3298710208074,13.5944536035311,58.0906851453086,48.6647894337929,24.9773750313532
"PHT69",3.68730784432407,14.5886786368586,27.1883381372462,14.4383854486975,55.3074358196486,46.2109472858788,25.0573350996456
"PHT77",3.39761442551337,14.7937115543252,31.0857108001665,13.5823905529328,60.0257708624197,50.1668852190078,23.7954047390482
"PHTD5",3.33113449147271,12.6352814592177,25.0356181409564,14.0617450219914,44.7435188346121,37.4407368753059,24.8105302976609
"PHTE4",3.65247187991655,14.0932844487258,28.5996411007802,14.1166152411091,52.8644137300059,43.8398876514096,23.147019090437
"PHTM9",3.4006558685951,13.2895310305515,27.0463899967149,13.7121279290755,50.04124339108,42.722547012255,24.8040257686599
"PHV07",3.47862112960534,14.9303033470007,29.7452099442694,13.6441338443365,51.4663624871704,42.5346444051224,23.633014976486
"PHV37",3.62161802604719,12.6445438325851,23.9093478696774,15.1433149651509,48.092505487981,39.4838957323633,27.8455959711976
"PHV53",3.33794466157238,15.1509570357092,25.1540291302967,13.3832581443941,55.5665169988126,44.1021616054375,25.9606058349174
"PHV57",3.41277995564885,14.1333639012045,28.7620955651741,13.9969449202446,54.6174585903876,44.4355610665633,24.3449123749262
"PHV63",3.58496001842927,14.5919199865644,29.1376803586637,14.7739364927714,40.1459647025207,32.0261048723547,22.0084291628067
"PHV78",3.93350488995048,13.7563104033353,25.5788153077582,14.2332121327582,50.0560186320138,39.5015506710783,26.4246579445813
"PHVA9",3.46114704279469,13.162366038276,25.0916286670023,14.3608877116451,51.2986841840934,43.018112188917,23.8836006575656
"PHVJ4",3.50778785210167,13.2379500667402,22.7643915299089,12.9757405270389,31.2292621829068,25.4621732753968,26.4332160966407
"PHW03",3.53083544154369,14.253444409479,27.0618318948578,14.3278382775485,51.5615142747337,42.98877525896,26.623742449366
"PHW06",3.26522370190407,11.6553884645367,22.7117706046985,13.548380058706,41.1554658083658,33.2513224330529,23.9927218492151
"PHW17",3.57505370663004,12.7596777349969,24.675651595702,15.8378736635073,36.5072838991711,29.9511993616048,22.6063736391415
"PHW20",3.69690340049965,14.5109787629781,28.0387786168569,15.6876056761995,52.4540727326053,43.9346369544896,22.6098080676299
"PHW30",3.78921497739728,15.5204119115178,25.5048381584272,14.5150334578481,NA,NA,26.0261662522034
"PHW43",3.5324608564946,14.1148066831838,26.358502066626,15.4074851651553,39.4879912300708,31.4492992637657,20.1749010291517
"PHW51",3.78271507795713,15.3230126647069,29.433145270405,14.1421317184856,60.8073710714077,49.6268062227056,23.8438870535224
"PHW52",3.53870748121309,14.8269852925673,27.8681649696819,14.545186790513,60.5895996187957,51.172081185776,27.4919996159003
"PHW53",3.31085766096844,13.0174684383601,24.5906520427632,14.7679405855271,47.2641068043743,38.4459417189406,23.55369376094
"PHW65",3.55433061566004,14.3644890902102,29.2697145651276,14.9639266035227,43.9947196822477,34.0913146626349,24.6506114597215
"PHW80",4.0755632404499,14.2585536586795,28.944990549754,15.7719828360945,54.3721957034907,45.0742209167785,25.6393790892033
"PHW86",3.3854862811917,13.4567595119107,27.6263521731677,13.7785595068012,51.7829738880252,43.9176465449824,23.4314205337538
"PHWG5",3.80088910176575,14.114433696374,26.4220317151134,13.6045507992248,61.6283861756244,49.0796733393532,25.0165985838968
"PHWRZ",3.48796792371972,14.3399863094357,28.5249009835739,14.5146832451087,51.4547252827941,44.2259057868196,23.871087975044
"PHZ51",3.32552858186432,13.0106743203803,25.2364705645681,13.9960406429897,44.7291858863386,35.2158322330139,24.0743296362798
"R101",3.49732698409243,13.6611310876655,22.8196461831332,13.4748138623988,50.5887549172764,38.7811675940932,26.4920024707113
"R113",3.43594604928637,14.5598840483929,25.7967842179742,13.7576158866908,49.5143929101149,38.2816102234664,25.2649746973347
"R134",3.79517393949931,13.6510998597247,25.5236031344887,15.9195417501316,47.5094198449135,38.2768315746793,24.7552106037425
"R168",3.25250360450539,12.9523129206536,26.3541489724737,15.2877637965695,31.696016947794,25.8257539774085,NA
"R177",3.44478017554434,13.2315821893822,21.7244344775937,13.5442566912574,38.991574390849,29.2289366816416,26.451645506555
"R181B",3.77826559120868,14.1972521183619,26.1124947361062,14.3801635736143,57.6475666754891,46.0325476468224,26.7184697493032
"R197",3.74319703837246,13.8046782553124,26.404550803949,13.1665027141085,48.1422344720148,40.1245787700132,25.6554304006811
"R225",3.56412849018842,12.257701691539,21.3544487521197,14.008157184612,45.4805462299243,35.7599190158584,24.7296034798753
"R226",3.63280035149317,13.5665329528744,25.1857827530961,15.4515636227069,44.1865532223761,36.0477610711346,22.9767709046907
"R227",3.67281248955925,14.0559582093866,22.9875317694715,13.9834327408439,39.0068829138683,29.5917280581719,26.0812070074228
"R229",3.26055418912839,12.0083222991559,21.7340803593664,15.1419386336011,27.7578915838481,21.9278927704903,25.0555168518405
"R30",3.71096696348542,14.1976247806326,26.8678358182432,15.0996862344672,46.5223502011442,37.2774487378529,23.6503880279594
"R4",3.42013254879801,13.8954553464049,22.5970967224513,13.7294932021956,35.0147887969838,26.6914357136581,24.395830380934
"R53",3.47929668246933,12.8982581747824,23.1584936946145,13.7560943137082,37.8821555757702,31.2637573127925,23.6586566053321
"R71",3.34971379476842,13.6602233474699,24.5507139317791,13.5173232416386,46.9366192794796,38.0638697425032,24.8063177546216
"R78",3.46283833244768,13.0864884070619,25.214661101207,16.0520754940564,36.2988113301566,29.3328605507624,21.6146010307369
"RS_710",3.46317923813235,12.3014569842691,22.6984142618903,14.6706191326555,37.837975394407,30.2253099566502,21.6960862368558
"S8324",3.52586706315735,12.8217348474912,26.244343971694,15.0480862052668,48.5787203735061,40.8917171308481,23.9894772029448
"S8326",3.41002803739173,13.5275143607398,27.085216899232,13.8325586564539,48.5955104614429,39.0399447053729,24.086560343274
"SD101",3.67351832297856,13.1629457784098,24.6266033956282,14.8780460653367,49.9712504703071,39.702186898812,24.2202675426814
"SD102",3.48974393154436,12.8790133003038,27.016128153722,14.2318073835692,45.6815357090982,37.6977137303845,21.0794988688989
"SD15",3.62561631851005,13.6902521961131,25.1586306069624,15.4541815972375,46.4110542339025,37.6473271054469,25.7785486858951
"SD40",3.78987063347434,14.1156138913927,29.7184506347201,13.2942277234743,54.7926074357995,45.8376768661707,24.8069294147088
"SD42",3.52951106911406,12.9653787280545,24.861012869392,14.9423116599488,45.7205415276083,37.164191418679,23.5759624730383
"SD44",3.7049568421098,12.0688852049026,25.7162098304592,15.8235050221261,43.0608701578687,36.2119322395485,23.8320481796093
"Seagull_Seventeen",3.50289657811262,15.8876990507187,28.4730195064154,NA,67.5838586282328,57.2780947240019,27.336056514611
"Sg_1533",3.16487617613415,12.6931795415106,22.8208507529037,13.6016440782012,28.9310516951408,22.5249712030205,20.1301740913741
"Sg_18",3.20870708335708,12.6778030011867,26.1736896371412,15.4554178892102,35.7479989040587,28.521952408527,NA
"SG_30A",3.00567234255435,11.8512192389094,25.5024393668263,14.8420446853715,40.6485572856066,33.8035977054289,NA
"T141",3.41283366630155,13.6009766813143,26.4178179223285,13.2538636375481,48.6396996818997,39.3356765356003,22.6442020093518
"T232",3.2435951747738,11.7879794764306,17.1649297125479,13.1173029216666,34.8350958251295,27.2275581360922,NA
"T234",3.30819322641381,14.0057403735178,23.7830791582708,14.9999114187848,34.9816223306069,27.1064296505353,23.8565323989968
"T242",3.13031204355293,12.8511614073392,23.1577149504961,13.108735302699,40.0623835922886,32.1695761816236,23.1038392540762
"T8",3.39403627432592,14.8607818276746,27.0345121945275,13.1053876193221,36.3953226837428,29.945868724839,25.1676238464368
"T9",2.95348984439483,12.4002450637457,21.3736282221945,NA,29.0048827426659,23.168236590516,20.7458277106959
"Tr",3.65186203854414,14.2639962970375,27.6367217880138,16.1472125536517,46.8402865560137,38.6681500265911,22.7715757984562
"Tx303",3.5094469451846,13.5010966335541,24.7533987513623,13.556464206565,32.6907196952409,25.241176920457,28.4664294506065
"TZU-CHIAO-HSI-WU_105",3.44409212890203,12.735232330749,23.717496718777,13.9200000681898,39.4455263647592,31.581657088393,23.4728019756164
"U267Y",3.05146165885715,12.9534086604732,20.8977462796306,13.0170382272067,34.2788486789906,23.1269796026492,27.5133605189423
"Va102",3.29627287077188,14.7480144165903,24.2249230447427,12.9939714689117,37.4444422410172,28.291928690642,25.0013575075159
"Va14",3.28799332112477,13.0926498853261,23.1195303877755,14.4536020957183,33.8511879607583,25.8660704610011,20.5061847525116
"Va17",3.36827915215699,14.7517219342998,23.1856035898558,14.7008827329095,29.3212955622314,20.9141856918349,25.6505623339401
"Va22",3.27509724215797,14.078261754281,28.2109583981729,13.7293478209537,53.4528976891346,42.2310200257374,23.7348068714654
"Va26",3.627333605733,13.1479021956946,26.5835974732985,15.5884289461117,47.6780417492901,40.6460706654826,24.617348167794
"Va35",3.29313787063213,13.3498831907626,25.6835948802196,12.774729760523,52.6311486591539,42.8612025260294,26.7268734725102
"Va38",3.71376094832026,11.9592025319828,25.1088971948963,14.980040028963,35.3892571338767,28.5675670956834,23.5704002055549
"Va52",3.46709177405912,12.3529249792724,19.1225978133992,14.7786673867371,36.3346680317769,26.6094716667323,23.5556665080653
"Va59",3.69108470415358,12.6675439973685,22.7391100151511,13.3175027005094,34.2723284707011,27.4095256543104,26.2186545847962
"Va85",3.78924606838724,14.3498697573953,24.1132473138453,13.8183019408479,53.9183500277952,41.5537770656577,27.5659868037834
"Va99",3.51626521471176,14.9892636075096,26.2484786180647,15.8393375846385,52.6499341323392,42.7439889062133,26.8617770188979
"VaW6",3.42164665926266,14.0100500665117,25.4969332257003,14.5397812540081,38.6187936488026,31.0655288934413,22.1375241773248
"W117HT",3.2912863187244,10.678736754141,18.7517567670895,13.3043361760928,25.6967734304722,20.4622910336504,23.2890975799929
"W153R",3.67880270973969,12.8957252523548,25.9787905292532,13.6977288870821,38.4995983225135,31.9652149764206,22.8051089781359
"W182B",3.29699215073747,14.4093876266902,26.5623159858565,13.8522679280007,47.3505729312828,38.1570887473641,21.6260365206487
"W182BN",3.5779219745267,14.5835260162881,26.9049833573219,13.9897286516042,36.8597467760574,29.8857020815208,22.4292192884188
"W182E",3.39774256000401,12.6995059963361,24.2500304983605,14.2846653604249,41.391061771279,32.8094008558814,20.7193364166414
"W22",3.7177928361307,14.255544132295,26.9585437432982,15.0309924011587,45.5096100447469,36.3876635569014,22.4740882436929
"W23",3.59472764250674,13.6837764615414,29.5934485801535,15.0007784090715,48.9820677059947,41.2296153075051,21.2542746272056
"W24",3.63487495355117,14.2677650370587,26.6664562619296,13.9958654374034,52.7028173350984,42.8757181054543,25.1188258687329
"W32",3.67171810612217,14.1990432568176,27.06590416636,NA,46.8891995457064,38.2825200603077,25.135700116908
"W552",3.62286635502023,11.5482045211492,22.1127091334473,16.1224954316753,39.1412697659967,32.1745134457982,25.0286161278203
"W601S",3.26355869825072,13.2483041951956,24.7709093792459,12.8518894439009,40.1281416419093,31.1819075494584,21.712097548939
"W602S",3.45506845331238,11.5957438780937,22.3945720936789,13.9328202944061,40.0850694444018,33.1240451741726,21.6049212467697
"W603S",3.45074851465972,14.1396713263542,30.4578279084373,13.6929814511705,47.7266819973144,37.1943214834926,19.9479279161648
"W604S",3.43068120114523,13.23731678098,24.4978296927046,13.4980616013749,47.3074723457776,38.155629089392,24.6354101821895
"W605S",3.52464212676112,13.8675038349377,26.8805829845537,12.9374449491027,59.4478761496408,49.6565371072322,25.1438676509422
"W64A",3.70030290496229,13.2884059787007,26.3786692433267,15.3029966114176,48.2360807606756,38.978116145448,23.5656222572885
"W703",3.31951021848722,12.0692056039224,NA,13.8491905456277,27.8041514320087,21.0268702976782,22.6679473392754
"W802G",3.22322968900751,11.1023343466846,19.0940847800036,13.7749477023554,30.0843116682129,23.0981268153727,23.1999141005985
"W803G",3.114877956119,12.9682721857554,21.0180850577717,12.8818027076622,34.0155928414762,26.5472032740974,22.8605604645716
"W809G",3.60985286442021,14.1168955253852,25.171351463149,13.6484967357594,46.3846579620526,36.1260172988116,25.5894617040538
"W810G",3.53970338119519,14.6166876729768,23.998024742391,13.8477267206588,46.1916618914884,35.3310447057639,25.1677983062143
"W811G",3.45782774382721,13.117876151203,22.8061221225848,14.2750943605966,36.198789257391,28.6643324259964,22.1012243944763
"W812G",3.83642651509455,12.1567677628422,22.393953423449,16.1178034055287,38.6919222152107,30.1917760273081,22.2228588043817
"W813G",3.29521091514053,13.1572818956291,24.5680998833009,13.4795805191805,34.8750522697258,27.5763625342346,20.6183235248384
"W814G",3.46946431594879,12.9190673100164,23.399814517354,15.3099201180589,39.8120218223012,30.2226366763156,22.6333124908485
"W815G",3.64417814705029,13.4083824559831,22.9153931126999,13.4266651804131,54.3851049579871,45.7487550212202,29.4109786811582
"W816G",3.60916595498507,14.1731228145751,27.2877373018531,14.727813618143,51.2859459679303,40.8784715048235,23.5393866421671
"W817G",3.48882468818419,13.9749986794274,25.9457945741928,13.4559057406662,47.5233553035711,38.4495239120897,24.8080771733088
"W818G",3.28872199876685,12.3134784120425,22.9819500925674,14.0320892739418,41.3200393058186,33.3095321746731,22.6794007372363
"W819G",3.72745509550436,14.0609728123669,25.1417120253355,15.1497541448662,42.9185352169208,35.3489363880957,22.8466395211108
"W820G",3.35783134104366,14.1476674012717,25.4741661479281,14.1329861579911,44.3521724928955,35.1490068669512,23.5209197632494
"W821G",3.54103261811073,13.734735396232,24.6862986224095,13.275934242884,44.376822180718,36.1083740921672,28.4198522821983
"W8304",3.67175634175382,13.9533643486321,25.6700573325027,15.9445359388263,49.3535951132407,39.3649675294128,24.0067716784253
"W8555",3.83249258630068,13.7992827695133,27.6534502298658,15.5583251029245,58.6450994851925,48.3934960860396,22.0867239719382
"W9",3.60381195402297,11.972199904196,23.4024547048751,15.846718913427,37.8244573918452,30.8804864088482,21.6975983582008
"Wf9",3.72064601946395,12.5711873293896,24.929309937348,15.2695231530554,44.61517792584,36.2435113363011,23.2996207755449
"WIL500",3.80203027859773,14.7501173626547,24.6114984766462,13.7164344814283,30.3236511936759,24.34434105064,21.9814584388463
"WIL900",3.78505395405475,15.6916374413898,32.0890723017971,13.3729831761455,62.2421990388967,52.1712304013916,25.4607650291832
"WIL901",3.46646499716444,15.4735672985568,27.8744928819028,12.9149572809976,54.5872332740814,45.2174838794625,25.5284992019436
"WIL903",3.39405245362427,13.8575210493127,27.3886577614232,12.9423898320395,55.8105633445599,47.230569038193,25.4575605713094
"WR3",3.49888525659119,12.5977472556798,24.1622409354129,14.6672487329058,40.8579679736779,32.9206039993711,24.6631827401722
"WU-TAN-TZAO",3.72471094661739,13.5082690850386,24.6554957814588,14.2607508868449,43.9830349637059,34.65391108961,22.8756757381389
"WXB6",3.39101698518358,13.2635899811415,24.5257195529657,14.0586129582376,45.1487648171353,34.7042069626887,25.513157284033
"YANG",3.33243980955853,11.536161053297,21.428744701351,13.8506447333048,28.1218174459327,22.3417003136453,19.6276370535222
"YE_4",3.84174847704515,12.7464372848743,25.1589481649962,14.3905289338512,47.4909505922725,39.4489632176836,22.278896442094
"YE-CHI-HUNG",3.55301518276288,13.6591470148963,25.2158539075085,13.547853472003,45.567992127887,35.164932440782,21.111837003263
"YELLOW_3-4",3.55017825526196,11.5914962026078,23.4774132038936,15.1180485178585,36.1643496152293,29.5072586039558,20.4269513467017
"YING-55",3.44466727619113,12.9436014242356,25.0212049884639,13.7856432498181,46.9097075026515,38.8041131444327,25.2100950863987
"Yong_28",3.61618241839638,14.2190523620209,23.5774080709481,13.2580356932848,51.7590310096422,37.5336029807784,25.4843828118329
"Yu796_NS",3.34477392222446,12.8346373480609,26.4006232561894,13.1720878185708,52.1765718401654,42.676242730264,25.2397285155258
"ZS01250",3.48562149342639,12.4277910338114,24.1807119395291,13.102340203234,40.8226389244568,33.1540176887367,22.6913563270727
"ZS1791",3.84751306442007,14.4800223541238,26.9251619172035,15.1520132457187,57.6600367056919,48.0614616152711,24.5062103301788
"ZS635",3.38427018327207,14.8109386247739,29.5801134990077,14.6914613732587,50.0388543936041,41.7642401195222,23.3026642255104
"B70",NA,14.0496796577836,27.7589962967532,16.1151791812981,51.3884066295228,42.6643789517358,23.3326978102692
"CM48",NA,13.6603276119348,21.8947876687692,12.7679409633557,30.507356109677,23.0448148014489,19.2946169816487
"CML_254",NA,10.8088021019069,NA,NA,22.8353675497307,NA,NA
"CML_277",NA,10.7239406829935,20.0990819820182,12.8460493458163,25.5246380601339,18.9224957802109,NA
"CML_287",NA,12.6905681319857,21.7818667987981,13.8846095742699,26.3055365617787,NA,NA
"Hi26",NA,14.3131559953159,NA,NA,NA,NA,NA
"K47",NA,13.0476517577366,23.3636656218843,12.9489462910205,27.4280268481896,22.1219871328717,NA
"LH196",NA,14.9236938784575,29.9375816286837,15.9615889795614,57.3960950477002,48.0332123714139,25.7621199404053
"T146",NA,12.0068096255278,26.3267296176869,13.0099685844711,35.2848930749058,28.9182268621796,NA
