genotype,earWidth,earLength,kernelsPerRow,kernelRowNumber,earWeight,plotWeight,hundredKernelMass
764,3.65205268305348,12.0201310621802,21.1943080847041,13.9943494244663,66.0252780520648,53.5174164385181,21.7816729380093
787,3.81900530642844,13.3175502290511,24.1783258758111,14.0136323999752,83.7033990734081,68.9738497286075,22.0453030407365
792,3.71843655309439,13.4991310396524,24.6876473954391,13.9768632170478,78.6345992573328,65.8709930524397,22.3964664029805
793,3.88626014600786,12.9197641903465,23.2891189404714,14.007703913563,78.1124494191997,64.236870645504,23.0425058605877
904,3.77526980712342,12.2075188634096,21.6761779319683,14.0670732233637,71.1398842238232,60.2989588519521,20.6250394532903
911,4.02187156481242,12.428192019533,21.87342258999,13.9721510278793,72.472622991957,60.7091828009564,21.4576151698639
912,3.65555564221959,11.8618213639157,21.7492902478985,14.0144140836793,71.6804909768329,60.1700579952499,23.6530650124262
1538,3.86101071463836,12.9407378431964,23.9151365413456,13.9778184841807,69.5231267260061,57.8801759609966,22.6442529125508
2369,3.96026049620293,14.8797472245151,27.0890766804643,13.9764020418179,85.4027442071149,69.5037012109161,21.1877233696893
4722,3.45761839395191,14.1626341244695,24.7660632426861,13.9079126433614,57.2149165248159,43.547520891302,
11430,3.78431778143692,13.0255838015546,22.2800105796924,14.0020130890435,72.9997258062335,60.8069286727618,24.4051126664794
52220,3.68749854663319,13.4224616528201,23.8437914266517,13.9857282027303,59.1868832305609,48.0731254219747,23.8604995952395
29MIBZ2,3.60122199052646,13.9386280265677,25.2197252021257,13.9914594029574,76.6715522703749,63.4758054223353,21.0609500617713
2FACC,3.86086446408802,12.4105822303865,23.1787800650437,,73.4714105485908,59.4617992109181,21.99100778124
2FADB,4.08145944682875,12.4966187234639,22.7365925078354,14.0014390821586,84.2625672906096,69.7994465419735,26.3425703330081
2MA22,3.87470798315534,12.6453668685132,23.2146656794092,14.0096378234598,76.07463976159,63.3678701990424,23.8136705112373
2MCDB,3.72174171578787,14.1543344703549,25.2878264268873,14.0281967056785,73.9096975071519,61.6105855217219,21.5607556211076
33-16,3.72546292739881,12.1194219897696,21.2553433044292,13.9975101543483,60.9464944751452,49.1236617336074,22.0673277127066
38-11,3.48567094081514,13.2270261970505,17.635300756176,14.0296218353435,62.1058326618506,48.1337089065147,22.4076162253889
3IJI1,4.00935149264707,13.8273898879549,25.7069132722572,13.9717012022628,84.9115868513003,69.998458090014,21.7438269850547
4554_INBRED,3.41790495193796,11.4587503013877,19.9949311336228,13.9931538782351,52.8926221141385,42.9120408970782,20.9279878231407
4578_INBRED,3.58632249735894,14.7780784451484,27.9111154405507,14.0074403487,68.5174691393902,54.9572557941597,19.9913589618804
4F-234_BX_4,4.08843589480551,13.2675986364949,27.5728578816635,13.994303322734,74.9803132334008,61.3661773922372,19.6006611844109
4F-306_108,,12.5927214200972,24.6360976184744,,50.3090826252319,38.9947025746166,20.4467214144305
4N506,3.78474688871716,13.9254844752171,26.4696249821103,14.0375775744848,82.5372963355421,67.5377932869397,21.7777119624754
6F629,3.41031715823413,13.4992188204641,23.1317411562278,14.0112687055793,66.8648498056567,55.1441768019115,22.0313391805918
6M502,3.70500764498061,14.8229549156345,26.7204607343679,14.075452053943,84.7842255589897,70.1680077064428,21.8406956191405
6M502A,3.80650198866926,13.6701756937017,23.3670105571115,13.9836669078479,72.2118855980525,57.8120372499259,21.2381870043009
78551S,4.04656672597558,16.0102642806389,27.4301365386564,13.9977923020767,88.496686661732,72.7134658696893,25.2761081359424
80-2,3.75686003983015,13.381818373662,22.5494924492668,13.9893844920954,62.9006526826634,50.148240705726,21.0791828558829
87916W,3.64114602659114,12.9925452907615,25.642967776397,13.9626877992085,76.6011205450416,63.2372852647161,22.4772993794579
91IFC2,3.85000992479727,13.1463005950233,25.0971212504607,14.0041891648368,72.1457452164585,59.2388511811406,21.1202986564491
A,3.85352820769535,13.1085557539726,22.0303408018005,13.9431059510588,57.780674077026,45.8489551498629,20.5459451302415
A12,3.87502840552734,11.5651711767878,21.2548250046249,,61.1260668206461,46.233355046457,20.780617319276
A15,3.67621421908787,11.847891753854,22.393159969675,13.9795237942337,58.673680594453,45.5867908856375,17.889921543389
A155,3.88657604087526,11.0224550962509,21.1269705657036,13.9380177325809,63.8594943256285,52.1312011594812,20.9590858847069
A239,3.72866707626962,13.347475566423,23.587557150207,14.0002882763944,72.6521987432524,59.531176136982,23.3603286831283
A258,3.69422324001709,13.4381060683543,27.0189878475715,14.027128545332,69.5794562816932,53.64372555683,
A305,3.96605864735392,12.1513036685188,21.4827845379965,14.0111934196769,69.9981788872805,57.1808756043403,22.8812659916994
A321,3.77680791601461,13.939979164577,24.7327404686883,13.9813704207136,74.3627591573776,60.9702943943876,22.2718770274833
A322,3.57017375285746,13.4449441571632,26.5788439614531,13.9811496624679,80.8229890000195,65.993226160678,22.2839212202867
A334,3.89899815687813,11.9839855625287,21.8954088496206,13.9980522143576,68.4697942234094,54.9790778949291,21.7879857557792
A340,3.76905878012871,12.8839919995977,23.9329325780973,13.9941123994434,64.2054469748411,52.3089752233364,20.9204906453867
A344,3.69197796366752,11.8132130481921,23.0980249189757,13.9204025388481,59.4847535361206,47.6643079360144,19.8114603671598
A374,3.79567345638043,14.0607045090109,22.947528635463,14.037980872684,73.3618950773206,59.9246365131107,22.3422950781857
A3G-3-3-1-313,3.67723024845501,12.9223220631971,27.0944368617767,13.9967043468345,60.5885366703171,46.9578186513838,
A401,3.72731721465991,13.2688416386706,27.0267769227738,13.9868708154821,71.3533992142565,58.347295997102,19.6625402341249
A415-1-3_INBRED,3.47591539247834,14.2894584592936,22.8514769105109,14.0016815201839,60.5476105906555,46.9041930484922,22.3930222502981
A427,3.68174726229937,11.3219989647116,18.3320083984391,13.9797010164675,53.6920591910544,41.5830211623584,21.7142157533642
A508,3.69736255465572,12.534428882125,23.0574939495506,14.0621877860891,67.803586658576,50.6692341269525,19.3307313260117
A548,3.68566286606433,13.1066142261209,24.4405575612198,13.9855737001407,66.344375802481,54.9580948312654,18.2161474276902
A554,3.76728614356256,11.4271485917005,23.1248743296722,13.9936533194578,67.414569695272,55.3664054810232,20.8919492246595
A556,3.6670053221241,11.9465837116472,21.4482276757445,13.9877465880642,66.899379606123,54.074495864765,23.103689135943
A572,3.83644244307228,12.0957829041446,24.3686596248334,13.9930619100374,75.4586038105415,58.2562189484426,20.8658226180224
A619,3.97940020818241,12.7655959545489,23.1526377376554,14.0080454847374,74.6844634693924,61.3721834931959,23.5585412261565
A627,3.7015250120932,13.04307367414,26.2536030129992,13.988485697773,70.441905009638,58.0588502029201,19.2874775623515
A632,3.61810078215543,14.8766965782658,24.4105873649451,13.9843767831222,75.6848441512457,61.1996320256593,21.8930528960562
A634,3.70889190963493,13.469895184249,22.1291224235002,13.9871829890337,65.9522191636056,51.904954193322,23.1985073052474
A635,3.75411388892584,13.5167782011853,25.6804658060609,13.9880633876605,70.1943420344065,57.9681759640141,19.7051654248535
A648,3.57253511460218,15.3322243489731,28.9128185540399,13.9897851240923,73.3178021846436,61.3951938944365,19.25731232879
A649,3.65405344113,13.7944933072892,21.0966790914274,13.9943302927508,66.01314684799,52.8913792180198,23.9117505523435
A651,3.50515951076744,12.8039130239598,21.6581397635731,14.0330333686207,58.9957746813145,47.8549329675907,19.9755301281983
A654,3.64222686605398,11.9144518255384,20.0459327832591,,63.3055544595825,51.2001141274267,23.9146298368371
A659,3.99169958633503,13.3474448829905,23.0794506683317,14.0347520273658,77.6104149312071,61.1932481845698,22.9341049173326
A661,3.7544439187491,12.71139815839,23.3794922729704,14.0018644792834,71.4342800624162,56.6746998315013,21.8048422349183
A662,3.64403660414605,12.6644085466441,23.4091545386012,13.9827063755035,65.4904174036786,53.6717411035745,20.7093207134448
A663,3.64359787922727,13.4333695282788,25.0971926260367,14.0257968804622,63.7416918884918,51.7169115032079,18.8960032780104
A672,3.97827780890911,13.2747185244313,23.3119983849459,13.9423922898799,75.5117605820911,60.72358962918,20.4028516361782
A673,3.63983629379623,12.1928398488853,23.5877210051778,13.9620225100009,59.5164020197573,49.4132705025852,18.8018466628644
A674,3.82925329544639,14.119122366274,24.3873642382193,13.91221684178,68.4244174141015,56.5589864853199,20.9594114795581
A679,3.98426346918961,13.2059150588677,25.5741790146095,13.9703423172827,86.9307357997957,72.2738226765929,19.9474555541395
A680,3.73168732687394,12.8398276796627,24.8751348749994,13.9342065695763,73.3365483313816,59.6806216065752,19.8163971801423
A682,3.74807845454542,14.5952287730293,25.9189535119036,14.0197521253374,81.7651888512242,68.6263258787942,25.9593472250578
A71,3.71723524308244,13.8850373715094,25.8228344570667,14.0445370016803,73.256989766542,60.6034635220599,21.9955941428294
A73,3.52240507579104,13.9098280948352,25.1532713094787,13.9996717918512,73.1207478587176,60.563829485129,19.6761944852398
A797NW,3.60417157905574,11.2748230065149,18.9510780905789,13.9942076148308,45.0931488660704,35.623212173296,22.5299528057862
A96,3.67160015301079,12.6003566705664,23.8720445152008,13.9564721042832,62.9441745952597,49.1471288266676,21.2728341948162
AM0776,3.67284466050414,13.4703059122324,22.7719386138934,13.9903159673795,71.2307553690416,58.6084263044103,22.5531413221187
AQA3,3.60826113680925,14.2663682221921,27.5570090037363,13.9910379311368,72.5234881833528,60.6638233610876,18.5711301076855
AS5707,3.91307275456199,15.3122574423299,28.4343813100556,14.0328564882127,,,27.018865639857
AS6103,3.85959765031118,13.6693886837715,24.0190418940775,13.9962068114723,79.6274119786548,64.0415451788559,22.5753099871968
AusTRCF_306238,4.08888405372086,13.555106912748,26.1288830364366,14.0022559103742,78.2609668723791,65.7182546509086,22.5219105445227
B-18_INBR.FR.SUPERGOLD,3.40825139773178,12.6107835577165,21.3296683849896,13.9681760249838,57.0491489799143,47.027051476252,18.3587183049807
B-28,3.21257610954865,12.1467477302636,24.6643593985427,14.0019526184001,55.3583521531916,44.9200582670194,
B10,3.95370639363642,14.4457001392318,23.5828226740328,,74.0712518913105,58.5160377544756,22.3761347544688
B101,3.82977922810766,13.4901788262317,24.7331987571107,13.9716377885747,68.9616215478577,54.3212735006853,19.4252261165289
B104,3.94827738617436,13.1261028780366,24.6383891419264,13.9979002387182,73.5105198089511,58.8382486201933,21.7571026823926
B105,3.83682495453866,13.8145158932793,23.4582119449896,14.0037914239757,73.112092863622,57.8413347303578,21.602211781372
B106,3.47580548292667,13.6723654215946,26.9424324375388,13.9603667905945,71.6541340918438,58.6547333730622,20.9350608131983
B107,3.65139679420531,13.536725774856,22.7329126320435,,74.4012690696399,59.4102647955599,27.2551024201631
B108,3.95750580070178,14.1484569747525,26.5940866735196,14.0500716229997,68.4224357105941,54.3079610618124,19.4924194071498
B109,3.88855126905398,13.1123339455818,26.3732706021511,,81.1488697479768,68.0874826882952,20.8488356315088
B14,3.62021533268805,13.9351937412185,22.008117997393,13.9920822914231,67.1424988861844,52.4011259999005,23.5041853263441
B14A,3.68699987774997,14.9714569458662,21.2941772756241,13.9991834712025,71.8685628971312,55.6239345373074,23.6075825843186
B164,3.72818964889052,14.4918164393116,26.3910088113075,13.9835875181917,72.7609527276923,59.533642887189,19.569483646937
B37,3.68897796965639,13.8451981913981,23.0364803182048,13.9808824838804,66.3089977509015,51.9761393915021,22.2330571368581
B42,3.71629802960013,12.4296675501643,18.0832882617766,14.0049680705868,59.4187372081451,46.4534095776907,25.292285582611
B46,3.75219252168602,14.3958071965641,22.4303896959539,14.0715991255155,70.6846890191364,52.8220110184216,22.9782694073896
B52,3.44746864484783,12.9324042308826,21.2437604284363,14.0140440692584,58.7896342734383,46.5567392694555,18.4328584528109
B54,3.75869501167941,13.2354934647753,17.8761271654077,14.0030481206371,55.630991192196,41.1900409033848,23.1888592275056
B57,3.9299019700534,12.4199163650269,23.2496682386434,13.9095063772557,75.3869814347231,61.6374035187025,24.0157861781975
B64,3.69537690103124,13.896528068884,22.0020335289057,14.0209172084218,61.7245686238233,47.2029462319358,22.361064633289
B65,3.76514296015765,12.8217422797677,21.8235284870637,13.9948106201288,70.1657837067618,55.1760499514568,24.6076791990474
B66,3.46346489258915,14.1617141352194,23.4449682357826,13.987362559353,73.1265859634965,57.470402969179,21.9936957497441
B68,3.70125451883253,14.4457503728753,20.6699612989013,13.989800213974,60.9209602655567,46.4407987953765,22.3271013032944
B7,3.67428461983101,13.8166424827394,20.8631751820351,13.9956940932695,64.1711820645151,49.6044860822148,21.7184902972301
B73,4.0950202946531,13.7740317656991,26.7156751304662,14.000031456605,87.4612366345055,71.268903922871,20.6213869225115
B75,3.6867598293351,13.6295810966893,23.5242558350386,14.0971039103079,76.5407912788631,61.9108346353781,23.8973612942292
B76,3.80948143223673,13.5804372614414,24.4397316162157,13.9872433175839,73.3094888270114,58.8798300682491,22.1671718736298
B77,3.5648878420496,13.4465643479417,26.0502631927349,13.9883863355698,61.445350359666,50.9081623856473,18.8833510600943
B79,3.71339829512571,12.3579408770769,20.718741682932,14.0677510798858,66.6713037953673,53.789443864593,20.4965359894762
B8,3.85933953668504,13.410520578288,24.6579193253225,13.9922836771847,79.8206035489768,66.3118763685311,22.5777270444453
B84,3.77706388019879,13.2354582474199,23.3789049177022,13.9933233788189,74.8822936628885,59.8406375959401,22.7897754737746
B85,3.77971452351543,13.8869991650339,25.7465357072147,,73.8900255415354,60.0522623660304,21.4742281205211
B87,3.73458882299997,14.9944134056522,26.2334468089012,14.0029200329777,70.0599331722661,55.5699655249769,19.6677038990422
B88,3.33354353476599,16.0645121397721,16.6179674155855,13.9436038820975,51.7018307975171,36.7879572486217,24.8280463320457
B90,3.56921026439439,14.3188765280235,23.261319529694,14.0007032930511,70.4361826953483,56.362555693182,23.3704201209261
B91,3.51345532575336,11.5269594401434,20.2841928117119,13.995354007204,57.4946954116048,46.2783437120959,22.211194511469
B97,3.82461663133875,13.3221533606633,24.2208229885526,13.996914972508,78.9480687753997,64.5473000738385,24.2716185815824
B99,3.54015312603888,13.5872795477553,23.6315884115073,13.9834297410907,66.4333311859273,53.7862512796404,23.4667980532021
Bei_10_=_North_10,3.92449462099986,11.8340456392611,22.4921295336686,13.9256905764146,70.0028762141511,58.8985987279636,22.3722068515157
C102,3.61696893548048,15.7858027022104,25.3937477303535,13.9937323596983,71.4039553488399,57.5972245384068,22.1585054025851
C103,3.67168654305297,15.1401975902929,24.9274740922269,13.9883109564873,74.710877567494,58.1752403423986,23.8693259819609
C123,3.62524747692999,12.6791169786989,23.4189901503235,13.9825229259133,75.108998219116,61.3148152440751,22.5417315671095
C15,3.55154071294706,12.3726032896916,22.4883792661906,14.0096582774948,58.2821770073302,46.2702812149278,18.9313780292218
C49A,3.68088163357852,12.257694748823,20.8565947985246,13.9895733989345,57.4422872834351,43.5750122667528,21.9089768521044
C68,3.79844983226299,12.2857254303901,21.0696974751341,13.9872945771017,63.650286772833,50.8629536381755,22.9390201926128
CA-4,3.20580867431469,,17.9809323569434,13.9883129261061,,33.6061011920272,
CG10,3.8121363209362,12.2024715826432,22.6938927511412,13.9982918797114,69.1486138977698,58.2254926186779,20.114136562859
CH157,3.6576315010506,13.9284647351521,26.9853472295622,13.9985573951631,79.811858641797,66.2449887685905,20.5149889952462
CH701-30,3.53679447212094,13.3778554717983,26.050311822402,13.9913204594605,70.3465173538223,58.6526003209949,20.539908930243
CH711-10,3.85850845297439,15.7184827937404,27.267225621983,14.015007544529,83.6453260297473,73.4120400357252,22.4474417685888
CH753-4,3.53285483616129,13.6317905289522,25.5140559623629,13.9806944667552,66.8972704378223,55.2234145046775,19.2616883200373
Chi-tan_120,3.79397730877001,13.023301023596,25.900518721995,13.990841622957,68.4803669024961,56.7584407468977,18.8857266186539
CI_187-2,3.71265576670012,15.3143351482882,26.9172065478547,13.9908954923906,64.1664969020798,51.9832457253556,18.2148339697354
CI_21E,3.79462089720721,13.5036450064065,23.2395135632131,13.9963347223385,73.5363614924654,58.7169520746021,23.3340497084603
CI_28A,3.78318858021881,13.1450921330251,20.8611974108452,13.9820102003497,71.5351458834249,53.626916835951,21.0906173800752
CI_3A,3.73829961342146,12.6637316911561,23.5420025914112,,61.5736108790413,50.9624320588853,19.2666554466215
CI_40H,3.88961638439045,15.5024896240337,26.7881209897378,,84.4851788588323,68.4569076692435,21.6873445307425
CI_540,3.5049256178146,11.4235494554942,21.9084042374261,14.0135513413094,50.9791517625858,29.5281108268643,19.0628260811286
CI_91B,3.68013211807806,14.574988830019,24.4785374494527,13.9722199745221,80.681531233686,66.161156101072,19.9642055576142
CL17,,,,14.025251082608,,30.2816124533386,20.1217766568764
CL27,3.35424219478264,11.9878322788492,19.0587484554672,13.994313700872,47.339228108736,35.5441652314155,20.3915808202712
CM105,3.75997273278974,13.3491402394591,25.0962073646871,14.0743701180518,74.4316413541398,59.6176192675284,21.3705431089094
CM37,3.59988656066473,12.3283893173579,21.3614433503942,,56.2428635054097,45.3339829246579,22.0421070875516
CM48,3.24575907450064,14.7500136221607,18.8586679073978,14.0012687656026,49.8994681419625,36.7605592569558,18.4922475073285
CM7,3.51313098103827,11.8984014458907,20.2382212447472,13.9842751520504,55.6241869516198,45.107851208541,21.9978963240274
CM99,3.70711375605999,12.8072778275511,21.4645813668776,13.99139906222,61.9479552008791,50.1537095292778,19.9510462348274
CML_108,3.62795843631241,14.3830603053252,16.072757541379,14.0005605562773,59.9398727744706,42.5341758879959,22.0020211065699
CML_154Q,3.94524017277166,14.4312205663927,25.9702435204582,13.9722833523794,76.8639050408813,58.9019412558355,18.8981165215909
CML_218,3.36509056903302,13.0497874077382,21.0849473658113,13.945117236836,53.8425181741233,40.650516069085,20.9664262840203
CML_220,3.95387238304532,12.4987653837427,20.331004966963,13.9876652496301,62.0585372302742,48.3015064836481,24.0903396744149
CML_228,3.77573817949034,13.2430910079176,26.1785048999189,14.0172377712612,83.5060917232622,67.1387779944398,20.5879616558147
CML_322,3.7654151560003,12.7779950324326,23.9703645429225,13.9939804078496,75.9547701568449,60.6287321603971,19.9157969461467
CML_323,3.63285998020415,12.754641957545,21.3681867000024,13.9967571121074,60.4006108645874,45.5529467816335,22.1902002986533
CML_395,3.25848942010404,13.0685760989287,,13.9948500015542,,29.8296365299423,
CML_91,3.55786504975969,13.8211972476066,21.5921681551045,14.0201759936521,57.9898925603799,46.1740219078199,23.8139169645988
CO106,3.77154667655684,11.180811015101,21.7323352555988,13.9916915902225,61.4071392932645,48.6766017894213,20.3147528240699
CO117,3.71184694241552,,17.6342984790562,13.9409863093062,52.5346340713651,40.7213124924195,23.9914844285266
CO125,3.49166507944634,11.4842048073796,21.6833142832981,13.9432248376544,57.6760746181187,46.0217701536703,18.2559523394862
CO158,3.73149061689582,12.0162252499494,23.1510489378338,13.989295156984,63.4845606110475,52.7678976703572,19.2858471044251
CO192,4.07480156177749,11.8063178133064,22.7262233120972,14.0002231784196,62.7234041938125,50.0983077972801,18.7199288410245
CO245,3.49727848375861,13.5945185874695,22.1832483311858,,54.8236056882053,43.9654164085355,20.5456553896572
CO255,3.74134426112269,14.0675037331045,24.3442462672769,13.9906897920022,66.3659595251743,54.4064475954922,20.9670774554546
CO256,3.59486108508948,12.4222302756605,19.0708379017652,13.9837585266336,53.6300151119888,41.4065504033543,20.5793235699228
CO257,3.60393292335318,,16.313921382835,13.9821918206337,46.7078827034408,36.2868237297876,24.6639245307414
CO258,3.73035224292327,13.8046142720356,23.217243821128,13.999774926566,68.6866656482626,55.8455705482598,23.0834627420918
CQ702RC,3.77524003766431,15.4138839203927,25.6572888375653,13.9975968990818,75.0759277804451,62.1514783331459,22.303607399046
CQ806,3.7507674892304,14.7288939279601,27.4503225408371,14.0426995282424,75.9754689876058,59.8292080356781,19.8841603533161
CR14,3.66646308415105,12.2507359136599,23.3076783993355,14.0126854851039,70.2397587573449,57.138163918708,21.6895694218779
CR1HT,3.74400734376795,13.2940794379596,25.7425956960717,,74.1431064159688,62.4243865803448,20.7842599902611
CS405,3.76697315374082,13.4935057577115,26.7530286391919,13.9991661161897,80.7343317466477,68.4930998310175,20.2590554494073
CS608,3.69411347734838,13.9795677450485,24.9296437391854,13.9898090447139,74.7667358742495,60.8805624010511,21.7488607900501
CSJ3,3.43400062335217,11.4226510846276,20.4983118943864,14.0025484581465,51.0615202669695,41.6933923538135,21.1598831879489
DE1,,13.6089615346117,24.0742420487927,13.9912612488565,81.8056685492256,64.8616458523871,21.9966333968676
DE2,4.01840641650386,13.3318416450127,23.1310886270062,13.9800156630945,82.7900712050554,65.1148265584479,23.8097999340047
DE3,3.90490141272711,13.2037278176356,23.9054595487496,13.990574409062,71.7363399628818,58.7113670298763,22.1304077701507
DE4,3.81839028368733,15.2155628905291,26.702705895292,13.9800112964001,82.1430883073797,66.2911090683548,20.0626003615555
DE811,3.69033804571522,13.6272048868926,25.5249857933148,14.0231820661661,70.6151155681062,58.5829507862997,19.1417680805121
DJ7,3.92787466717895,13.9876833488011,28.2169050860242,13.9766350981862,89.2024959591966,72.6274722610093,19.7004508719735
DK3IBZ2,3.56833845404334,12.7101773102646,23.6533747188972,14.0162127720763,66.1820894667213,53.658684854051,22.2906482525049
DK3IIH6,3.86121898575996,13.9741531795779,24.8782980955845,13.8908249495373,75.7253351377362,64.6418270504064,20.7016212642101
DK4676A,4.01487598614534,14.1398814211071,26.5123049276921,13.9906157550056,77.488066019319,64.3359258573973,24.5470056741327
DK6F545,3.86033572044389,12.6002674094294,25.3672610186336,13.9816818294259,73.4435192981632,59.8565604841312,20.9245119149792
DK78002A,3.7648796080743,13.1508016305733,20.4241069278504,13.9885559550905,71.1449569347267,58.1363111737659,24.8951618999676
DK78010,3.88723591290617,13.0594633653722,22.6583361428444,13.985903444573,76.8603234487282,62.229537026135,23.5384328533852
DK78371A,3.74479433770147,16.0407096905471,25.6354545115389,14.0004220568493,82.8298505325739,68.0819387635848,25.5951564547025
DK83IBI3,3.73807488908717,13.9747218148575,25.3495593044534,,79.4136980799432,66.8181837401875,24.149946854789
DK84BRQ4,3.7300169499963,13.5116485731303,22.3271475889775,,66.0637001433118,52.0989190001442,26.239239887381
DK8F196,3.67599413346778,14.832109323952,25.5724935149959,13.9391424717051,76.2469133051189,60.4993273700773,19.0511560502191
DK8M116,3.817521586851,14.4810134822149,26.3821462300323,13.9929605023309,75.6483443726655,62.6755224256835,21.6236546394271
DK8M129,3.9936282182587,13.0413083861455,27.7733222289684,13.9075056077205,86.8094982705069,72.9616800004191,20.9746582548791
DKF274,4.02346371231143,12.720212014429,24.4584767434111,13.9842361845904,76.9661113848477,61.9346735716434,20.4550438976002
DKFBHJ,3.50704820659326,13.4588567238907,23.5237971775867,13.9984662341082,69.5424058099456,57.1412640641456,23.0488108173017
DKHBA1,3.78821805688691,14.0216570540453,21.2385679234836,13.9932523501352,76.2373989193633,59.9384224977913,23.4732455735887
DKIB014,3.8859075048639,13.7140645501547,23.3373988945095,13.9596430050279,73.1352624842481,58.478658442459,21.5831808143809
DKIB02,3.90814409078277,13.1621733759628,21.6897987909424,13.9944413383904,69.1982948903204,56.2355876263474,23.6058768859203
DKMBNA,3.91144682061685,13.9124026706868,25.3435003214394,14.0046530566472,73.6404716868965,59.3022207005415,23.3837151771635
DKMBUB,4.02876990883822,13.6276686817882,25.9313552467028,13.9837703111051,77.1649497114222,64.5636387738224,21.6933133176002
DKMBZA,3.67862721183943,14.5379764758927,29.4670928204413,13.917617457723,78.8794350803899,66.0454234140704,20.5596061520091
DKMFD-13D,3.72909594429647,14.3207655665631,25.5281443973716,13.9777670905319,79.2319590249606,64.6937098223456,23.1066733486897
DKMM402A,3.9954817713038,13.2953633756148,22.780425647697,,66.4781303645679,53.338454502108,24.3061728265477
DKNL001,3.66898216686524,12.7586846005053,24.1095118823515,14.0087617198924,73.7184998589613,60.8597675619595,21.5357521794489
DKPB80,3.86534594689202,13.0270132268384,25.3583685342679,13.9881439992773,79.2036926615113,66.3469785082903,19.6723345729275
DKWDAD1,4.17567903036881,13.4048604355377,25.2952553568375,14.0097642905363,79.704916996387,64.1566697117912,19.8057842513817
E8501,3.62548870813319,13.4168618281769,23.2164062505153,13.9842704153109,64.4799189676937,51.6108745276682,20.8916059348165
Eng-Li_Chih,3.80284495958943,13.9946641097626,27.8008119628773,14.0018878484302,76.6898371445975,63.6408021003712,20.7685110067877
EP1,3.56145838249578,12.4596843094834,20.6887356482791,13.9706053559894,56.2526883361123,45.0543719493252,20.580437713612
F115,3.5648919997844,11.9522450706086,21.2524483378718,13.9844032833243,56.7385953295886,44.2190162685783,20.3234889976099
F118,3.90435069280031,13.180778605143,21.9374207381621,13.991081696983,78.0537875031844,63.184052821876,25.2868035604546
F2834T,3.70832557257838,14.1426599783345,24.013768368444,13.9981773686653,70.181519063865,58.1595135882707,24.8576100425798
F42,4.04653491447624,13.2650924784772,25.9209396959746,13.9861783688344,87.9807472501861,72.0840625496727,20.2869108762233
F44,3.32196572737709,11.3019548356505,18.5561614032365,14.087218111624,46.4045081934872,37.4342814333892,22.2049761840158
F7,3.43163649119244,12.8433994676691,21.3625629691309,14.0566423459933,52.5820227804095,42.4042491796769,19.8283953151011
FBLA,3.75694798098768,12.9825009374437,23.7175713150376,13.9935416302398,77.8910149326825,63.446239552359,22.021600943379
FBLL,4.02464007281686,13.7423673746456,25.7927553676817,13.9078284533312,83.471215950385,69.2905274238828,20.1293027175141
FC46,4.08878289662358,11.3479426502522,18.2400620467406,13.970491754409,52.7374560543673,40.4111214189378,18.3819256219611
Fe,3.84849030442539,13.3037346782153,21.9975173560525,13.9280686379259,62.6688058182597,47.1374699867183,19.1258088720704
FR19,3.74514689293088,14.3070450894306,27.4153667519071,14.0032075504732,71.576554041736,57.8325800850068,19.1006757251307
G22_T122,3.34726348184506,11.0345334115848,18.4350070387517,13.9808303751582,48.5195576010902,37.3815355299051,19.5461403287799
G3_T5a,3.23449712032934,12.7412868498987,21.6705754052298,13.9902609407911,49.4035988591762,39.23240841086,18.6509757445132
GE129,3.69593151369601,11.7402252732201,19.2354829520348,13.9956889736606,54.7908172348097,42.6213084968749,22.9751740021138
GE54,3.76259944158007,11.9131029813315,21.0403344202768,13.9326145239432,60.9043136942581,48.3844496134024,19.7947133703559
H105W,3.80732159490542,13.0518951948031,22.1700326766008,13.8988081497172,71.0284677228955,56.4256532140529,21.4177344230424
H110,3.53014359376362,11.9811846096238,23.2952431946231,13.9926807513929,57.2339281330239,47.6360646351399,19.3066445060447
H113,3.70013926097526,11.3199707750257,21.8661130389944,13.9452346532006,55.985595067181,45.0838936365544,19.8249175316059
H114,3.76286844241015,11.7059432706756,22.454664149211,13.9794814874715,69.8239628724326,56.5455923269132,23.7903574551073
H121,3.69919771974467,13.7551756900272,25.0437517345813,13.9967212231634,68.6185064660396,56.227271669501,20.6180702415542
H122w,3.63577242568161,14.2776444985593,24.1450089653095,14.0144637566026,70.4240664805536,57.9841447668494,21.1839841847802
H124w,3.89058063199439,12.2233209503409,21.7489636461941,13.9914332402856,64.0732625662399,51.55967940923,23.7976209814048
H14,3.64261638530786,14.2815856187383,21.620492236193,14.0800186870096,60.2523582043396,47.4817715519552,20.1368510528658
H49,3.8484576704539,12.3151174440869,23.0627557874426,13.9860254347576,69.0426520812561,57.8694510080697,20.6170804318007
H5,3.68669919260934,14.8406527370789,24.5584281342377,13.9770273797717,71.7051219500615,54.9906781776849,21.4215425758102
H52,3.45950269767735,13.646145961928,20.8192174098534,13.9694168039069,54.7414898391759,41.7021814931741,17.9721967081901
H71,3.58011942017722,13.1508969449263,21.4796751323293,,68.8596735429664,53.6443003185817,22.8882885044284
H84,3.85775824728773,13.2289442169996,26.0538784337266,13.994666739369,80.9398668299257,66.0715865468661,20.8648849611829
H91,3.8126127054453,15.8485695560977,27.9998244522933,14.0785174605788,83.5333411018299,66.2355636396192,22.4963852133186
H95,3.4704473799697,12.937840299383,22.8067559841194,14.0363617847798,63.3120893370342,51.064367429615,20.1342053393966
H99,3.59616973078945,12.7924288004271,25.5484912754034,13.9892052123045,60.7617142741021,50.0724587354016,19.0839690814913
HB8229,3.73771579461825,12.9576954472641,23.0067298828973,13.9685388820091,68.8439990486941,56.8371074137241,23.702446783249
Hi26,3.57285024176103,13.0091779824929,16.7531188664137,14.0197274042834,51.0359078813176,38.2644322536456,26.3238851547265
Hi28,3.44912374362323,12.2304366056318,20.404920346883,13.9770218048734,48.3148705304333,37.6172233439005,20.4930246510969
HP301,3.26005758168033,12.700208850739,24.0928118294933,13.9911068398447,50.2883964027555,39.1007004404892,
Huanyao,3.99138973211348,13.2459849121153,24.2403079880746,14.0008276185367,78.0522142614778,65.7364371502569,22.3403025518381
Huobai,3.67522673104843,12.7669617709207,24.0061519442438,,60.1048550628755,49.4129879425313,20.5328588948677
Hy,3.93819222275193,12.7844208719632,21.4335907024565,13.9831896695479,72.6674510415124,58.6674874803709,24.5461126884105
I29,3.49264317997853,13.0373672941174,23.8818268109956,13.9877390926914,59.5434075753852,45.4513127860498,18.5273311269807
IA2132,3.4645984367537,11.9057279530242,22.1517973201974,13.9233580837332,51.3219571029753,42.3285358758647,17.9179061587141
Ia453,3.26028513317755,13.988952092163,18.6805944105538,13.9934889196142,57.0520079680438,46.1609402795077,18.0944468509952
Ia5125B,3.76557497000108,11.5236091741691,20.3433807384669,13.9886763393313,63.0175068162475,52.9433989782128,19.9739157097805
IBB14,3.85357201001368,12.1165026433504,22.2406587395896,13.987916634993,79.2599114279291,66.2458017391549,24.3856347716719
IBB15,3.65784274638639,13.6374363059274,23.4266537477389,13.9946995563269,75.2513992170402,61.8707715801389,20.3885163285715
IBC2,3.60576112010542,14.1898422514347,24.4600781236222,13.9870847682046,75.7785351042549,61.874563755619,22.6701535239214
ICI_193,3.85747201388382,14.6481244744627,23.7674143219858,13.9953066670947,84.3357237150804,68.4232228669614,25.8245125664272
ICI_441,3.8363599808334,14.1959659067836,27.2426122024731,13.989496842546,76.197233326931,63.1086116246782,21.067065311395
ICI_581,3.62341496807757,16.2173283182227,26.5003524272402,13.9929761540562,76.1001981887079,60.4948283451395,21.6685037124788
ICI_740,3.99660162523615,13.6015913493654,24.9050392320031,13.9792089468059,81.1287643541423,66.1800305737175,22.6446594345087
ICI_893,3.80258950469757,13.4964679046695,23.6910796443921,13.9811784241505,73.4590239261568,60.1044835089402,19.8121807544379
ICI_986,3.85373975142084,14.3190695163257,23.9092126334723,13.9882850035675,75.3833022208021,60.4815173724505,21.4658086554498
IDS28,3.35993019698361,11.4469039640614,16.7214196290942,14.0827554963359,,32.3474567191063,
IDS69,3.32141477424138,13.1256873678881,25.0411607401349,13.89580682495,52.6711014143624,42.5015595199007,
IDS91,3.25615251239814,13.9296582360578,26.064866409528,13.9814806144964,58.0001531224168,45.6237883710419,
Il14H,3.84517148994437,11.691925139073,22.2347485756291,14.0573213816511,59.9001324685078,49.4041223954358,20.0725835799887
Il778d,3.78272115260721,13.2331167504284,21.68492203329,13.9801179160115,61.2130450303461,49.7577327530917,19.4297621409375
INB_101LFY/LFY_(A632_X_M16_S5),3.53361965278621,13.719389905469,18.5924665595192,14.0068461424203,59.6357053466218,46.2173394389549,20.5914129847256
INBRED_100,3.85917754224933,11.7487763275411,20.4321181281193,13.9881140281724,67.5156179619224,54.5169826442618,21.5665789515651
INBRED_109,3.47192217518391,12.1313467234669,22.6274189027023,14.0883941254465,61.8989389939554,51.3949267960311,22.096451651437
INBRED_141,3.66605880971013,14.8995258749812,26.4417451831281,13.9830779876739,78.569508014249,62.4475421931851,23.7789352166632
INBRED_2-687,3.69018422043517,11.3448575131423,21.2126585600316,13.9665051904353,55.954131365601,46.3234060985383,18.2202123746085
INBRED_305,3.7988585801329,12.0110227404244,22.6859393317273,13.9597591677925,56.3203793711876,43.7905808337775,
INBRED_309,3.53961510977692,13.2977401638997,25.3640778573153,13.9878850730699,63.7615118010479,51.8155872266786,18.1375892918487
INBRED_321,3.49104524697114,11.9505076794804,21.8267189735495,14.0008477692269,56.6886462724881,45.7516578728834,20.2332795568039
J47,3.71254882023694,13.351647531841,26.5797299593652,13.9769497207788,76.583617838174,59.2929519002175,20.0522878582129
J8606,3.95393954670604,12.0179661068288,24.6975989093533,14.0797101181101,79.4819753222093,65.4656723924216,23.3093262960509
K148,3.45231045379779,13.0350622350561,22.8526544112471,13.9627518265752,53.2232609454994,40.5772552004944,18.2726459969072
K150,4.02590453256026,12.7948303610076,22.9670736897207,14.0006886583004,71.2888988807669,55.6503710933523,23.7351336822943
K155,3.78467948721725,13.486005711331,22.836334275867,13.9798454957038,72.5435267572228,58.0811664422787,21.7505148461428
K201,3.82721121805695,12.8897251675048,24.0943726008904,13.9945599367255,79.8946616084482,66.1475172606662,25.5174349378506
K4,3.49923461471721,13.6778147372104,20.8403351254182,13.9131219656819,53.3257743577067,41.9340629243082,21.2246712892961
K41,3.73216935731918,13.6636654050808,21.3282990745937,13.9936880094166,69.2124298430476,50.6778926852237,22.2105754830158
K47,3.3451284222727,15.2602740928671,,13.9846126141514,55.3390023899479,45.8146930631125,
K55,3.95508001136726,13.5307280117859,26.6191634056215,13.9917243104548,77.5647567230085,60.4173713428993,19.5806982373215
K64,3.84989703569031,12.9956539757595,24.5852235825383,13.9992976476015,80.1004715970648,65.0583899343623,22.6535723347079
KO679Y,3.75695453214747,14.546148929454,28.4062242972777,14.0378885243534,72.6240709676781,58.0442842584131,19.5916792421305
KUNG-70,3.70834828356177,12.9650216490166,23.0434601064568,13.9831439552298,63.1786422136044,50.9967166183193,17.6404286589066
Ky21,3.8591530528683,12.1118414398319,22.2964027793578,14.0963995709329,63.504391261778,50.9244922826391,21.8625451882662
Ky226,3.60923478159253,12.9346009062829,21.6070953546054,14.0069448330407,64.9053248137516,48.0272979355384,21.2131290483779
Ky228,3.66610793521647,11.9878034363197,20.1273735438055,13.9814607166467,54.312949470376,42.8280410113334,22.1913823054443
L_127,3.55246298759044,13.3635001729215,23.7613713121831,13.9573259878652,70.9969855910701,57.9489367400752,21.5550300721395
L_135,3.70812081857481,13.4325173558377,25.5003943677129,,71.4478383638369,59.3061891834778,21.3403089057449
L_139,3.797979762542,13.0891307356215,21.1820157532134,13.9908690734247,75.5464119441509,62.4113348322549,24.5263086675638
L_155,3.873747128221,13.3647127496545,25.0742090914848,13.904552545591,74.422015770524,60.8861195491287,21.0128840622924
L_289,3.73304772328082,13.7703531396864,23.9740256639111,14.0034687825579,69.8715134671432,56.2309700180098,24.4786460357466
L222,3.6588716923126,13.6618717977797,25.01909410203,14.0008239421936,70.3809339645925,58.0467188823188,21.3116370660884
L317,3.52544508424543,15.2992639316635,22.7885998026045,14.0314060753671,64.5152068250886,49.6152540565546,22.0892642549285
LH1,3.69144899426619,13.427657407821,24.1325002544843,13.9995809120497,74.7683829494241,59.7517106610606,21.213602543644
LH119,3.94041420266244,13.5168694836797,26.080512365771,13.9915729514632,87.2906636889657,71.8576718688033,20.2058523074584
LH123HT,3.83286661678835,14.0343746133053,23.8567773726305,14.0709958572139,72.6195940026577,57.6811470509506,22.7727681301244
LH127,3.78010485481767,14.0257964797401,29.4086460684673,13.9966376409724,80.2645209825009,66.1274161702707,22.3020693392352
LH128,3.62972698039592,13.2622472484326,24.7598076751406,13.9403320724823,80.2383587561143,67.0862962848194,22.9938760261763
LH132,3.87144060773113,13.8394829554892,26.554394196286,,82.4570566200164,68.1301305845258,21.1424133403289
LH143_(Maintainer),3.57278943554159,13.9613502258873,23.3239027383218,14.0084994693139,64.7973230005609,52.2549394024716,21.832183239368
LH145,3.62480649567681,14.383718328654,27.6265632940598,13.9884375024982,71.1335601674527,58.7058142572603,20.1757194137975
LH146Ht,3.69330665140437,13.4297999164587,22.3518174661496,13.9956724174598,73.6000460716795,57.6334124326252,22.915531247681
LH149,3.79632841234162,13.3093339634362,29.0007909412834,14.0300680429359,87.1407108067731,72.1366392708712,20.6520769270013
LH150,4.00777515285711,13.4644655962926,23.1558665015364,13.9919224818372,80.4131275521412,65.8658131162721,22.6408614153803
LH156,3.70178513686447,13.1833355739983,24.004369867562,14.0734270533744,67.7799981182036,56.3796026317928,23.1030396606405
LH159,3.72764676391502,,17.4537224320334,13.9867815041001,47.873976286794,34.0618872772541,25.5537965266089
LH160,3.64807943570994,13.9342043532931,22.7480025521837,13.9993907017806,65.8839542597413,48.8922696663245,21.6116708515069
LH162,3.77312479264542,14.1393139339367,27.4711292515201,13.911989143702,74.1100853400152,62.1154320429267,20.2584585724773
LH163,3.57857216520344,14.7104305924734,23.4731023974898,14.0262580437373,74.0192134641921,58.4700700656313,23.3272940859114
LH164,3.86977594446919,13.9119745577232,23.6853128302801,13.9927822126864,68.1277574987999,57.5505810468439,23.3863036528001
LH165,3.52232251190114,14.0807495684436,26.534964562333,13.9749093280197,76.2955082083817,63.719395125272,20.8762807165407
LH166,3.73544867401612,13.6950267482901,24.5413939884171,14.0091619373957,72.3267415305684,58.1984618868143,21.9600611540085
LH167,3.58728500216067,14.0340320649822,24.6344654385176,13.9109213787587,75.112094833862,63.9051802978033,23.3946155964105
LH169Ht,3.69706043129018,12.3595789021481,22.8608487456661,14.004529328071,66.0595381286783,54.9383140132541,19.2467610333358
LH172,3.95627427892814,12.6572177560707,21.7004248624013,13.9910451449645,66.8201291979299,55.3619679634113,20.8487652418461
LH175,4.08068073475376,12.8163376417655,26.2545143652531,14.0390372975691,76.6640887664709,65.0754568589329,18.5297930425126
LH181,3.70237110938895,14.9717671920503,28.8161724725602,13.9829833903866,83.6759399270053,70.4054771626805,20.6084624700562
LH183,3.53658265317814,14.0212761833048,23.7496146059188,14.0022212098844,65.2673865639056,52.6632454328543,21.5894675882568
LH184,3.81228410820118,12.2498924049442,22.0264677908715,14.0036703675133,67.1952210965022,55.8930272465012,21.4946940483835
LH185,4.10978598262797,14.8925568491898,29.0428785580793,13.9940968453154,,,25.5470835712755
LH186,3.75829354412817,15.0546856361624,27.9559590787739,13.9850658649496,85.1364900340036,71.4757190000094,22.1575260177693
LH188,3.44633329394597,16.0327049626114,28.877480531244,13.9723371681713,77.1260371352531,64.3309215740407,20.8788120647204
LH189Ht,3.57960722971766,14.1229496578288,28.479994820487,13.9945001179912,77.4961478156829,64.4166902439885,23.2670511754158
LH190,3.74867165611487,13.1551911290076,24.0991004268818,13.9742414532535,76.0965021762842,63.2766405117754,22.2750231991085
LH191,4.16653138717955,13.9876291336773,26.8642341791479,13.9831980985776,,77.9394082166528,22.9502720353456
LH192,3.82111264890142,13.0806252916816,25.2017762308598,13.9923795378821,75.0970262339282,62.4129815591899,21.4736354624111
LH193,3.77821314731376,13.8083694971527,26.6729113345469,14.0045285316065,84.1190148413246,70.6937783454363,21.5200497278413
LH194,3.87846091790531,13.5041033999329,22.4668700806867,14.0141101542189,71.5422473471468,56.9789974080261,21.568028362733
LH195,3.93451463247127,13.9163203877343,25.8050533905249,13.9907104911552,79.1900647410125,66.0705241540693,21.3766239353295
LH196,3.88544214961936,14.1685314875976,24.6086949447854,14.0364337973564,88.1405751414298,73.1660980632999,21.2889199315007
LH197,3.81917041518286,14.1065823281903,26.1590435363158,13.9892326812629,86.5976210347032,71.8710313670341,21.0365957070629
LH198,4.05706566467817,13.6569202613569,25.6556396750139,14.0079161615825,89.2731443129401,74.3762857969378,23.9385000635484
LH199,3.77076512993518,13.2080184325291,25.3763276290887,13.9991298123912,84.3594300942402,69.3853442341826,22.3510442562665
LH200,3.84931658704893,13.281098430617,24.7051159408503,14.0228077429452,80.7677189555955,67.2690920448844,23.5425040254413
LH202,3.69033429197197,13.1740338412016,25.5025445763626,13.9854108165034,74.8200287554077,61.0260780237667,18.4555950855816
LH204,3.68423658654915,14.7471715216282,26.7318152597827,13.9900443694549,73.3183824307729,59.2281883584421,19.8681283006014
LH205,4.10524067639783,14.949376580152,28.0554308622556,14.0214032569547,,77.4452652551626,22.9155867795117
LH206,3.65174710293397,13.5039963023487,24.748108559557,14.0298083198526,72.9116836960606,58.4403401492594,20.7871506137593
LH208,3.37757521810901,13.5176917579134,22.8958615995337,14.0500626718013,58.7065419105417,46.9229784939806,18.6569447257868
LH210,3.65740363500483,12.9839043512602,21.0633790207092,13.985415397754,70.9676426292553,60.2313029923301,27.3217603780738
LH211,3.79132674621271,13.9077928702253,22.0264935105981,13.9954391092196,72.541325170056,58.695417558253,24.3995357806335
LH212Ht,3.64565643025276,13.1659991813158,24.5068176659441,13.9971596629658,64.6346057402953,52.0860029225415,19.5493442555666
LH213,3.89747826853605,14.7039784005762,27.343609355912,13.9957155488905,87.12772706375,71.6240374191589,23.723033284425
LH214,3.80240540143117,14.9185990577231,27.4048803247983,13.9916481704783,83.5628961029629,68.1161185071315,22.3456099507742
LH215,3.71273804652856,12.7228068106091,21.4314155301536,14.0329153241985,69.7874840439913,56.088544766151,23.7376092512364
LH216,3.6916617930536,15.8654562071062,26.4066110022056,,81.7266667804759,69.0257665086129,26.198570881216
LH217,3.7631462960406,14.8901440521343,24.7375443300742,13.9466567458477,75.5542554265792,62.7404574133309,22.5151062824967
LH218,3.7171898765447,15.8518493391888,28.0606435978741,13.9531333883084,83.45823427412,74.1536108604866,26.408899946558
LH220Ht,3.74986378018385,14.8845381179659,27.8366743800234,13.9970861389342,71.3009680171297,57.6700024075192,19.64967666606
LH222,3.7046587489445,14.2853124971828,26.8060472909871,13.9882870097197,75.0692516218384,61.8584666849207,22.7351083851132
LH223,3.72606928248215,13.5810338712208,25.1164697505081,13.9908640961194,68.41525642379,55.9547857737701,20.2859247448513
LH224,3.67549753023499,14.2039372012558,24.4559482913631,13.9964660430488,72.9396297582936,58.8067783951643,23.0812477542397
LH225,3.7950933686213,13.8277866128343,25.6343441221335,13.9968180641474,71.5401730327347,59.016112036719,21.7147130764056
LH231,3.92212903253924,13.5563841774582,25.2066295728526,13.9831912678344,84.8731898542544,69.829560970093,22.4268966485189
LH250,4.00437711303208,12.5979754040965,23.1057539080476,14.0727845547071,82.4591612856731,66.0990882582432,24.3465972861579
LH252,3.61638438024925,15.0219037875914,22.7822967677945,13.9850423429108,67.0176854899159,50.9953605205514,25.0191201382053
LH260,3.94999773567761,12.3469690264503,20.3143681566102,14.0511165406536,55.6201943282284,44.819969687849,24.7649677271259
LH284,3.85436511611654,13.6341127743237,28.4446209002375,13.8890115638811,77.1658967129765,62.9685351984163,21.1804387289935
LH299,3.74996881454606,12.7900501549335,24.5314798203895,13.9905683015891,72.0302301347133,59.9075925176041,20.2096602530735
LH38,3.79481356418475,12.9158051742145,25.1771758207646,14.0339448716641,81.5483997476664,69.287598741982,22.9947799281363
LH39,3.67919325971727,14.3090686955973,25.7883546228702,14.0090963585148,72.3824071433041,57.5681169623937,19.1875358637166
LH51,3.41184910011398,15.5382113157179,26.0039620457481,14.0132750593159,81.3312662863779,69.1109345737044,27.188514811518
LH52,3.55509706109277,13.9325763977755,26.9951556645918,13.9943323762303,71.9054823398339,59.573949353009,20.64496342304
LH54,3.83604185000186,15.5524819517301,24.580209349964,14.0020986659912,72.8339000804048,59.9702106575265,24.0145460137635
LH57,3.64743643513092,14.0987699786343,28.0358604551318,13.9754200296252,67.9918574905988,58.27179040734,21.2893469803307
LH59,3.52935192525304,16.1345826796211,29.4063884169272,13.9911647706246,85.0984024275327,72.2351310188859,21.8846114050662
LH60,3.80239519350273,13.8060949804367,25.5937362054323,14.089251899108,82.1482686473704,66.8636202374883,22.1140599856007
LH61,3.85495310892617,15.339260963721,26.2223280365321,13.9734109666283,80.6003049412622,65.6860532410611,23.1774000463718
LH74,3.74720225027321,14.3383211319244,26.8945593265575,13.9910195281033,73.3853919120733,60.2986039395774,19.9970523974489
LH82,3.89926963154282,12.4672606687168,22.7893106822801,13.9839521776926,71.9301870329048,60.6308555385738,18.6749339501282
LH93,3.66843996757898,13.9941297603535,26.6689958516964,13.9910417699052,72.1537444210814,58.7506956778414,19.187370646725
LIBC_4,3.8341988569334,14.924472714045,24.1596568564178,13.9740734871793,76.4162460132611,63.6075212627785,21.1664884339033
LP1_NR_Ht,3.75841955236362,15.8145430962026,25.328061316867,13.9637570510562,76.8157578010475,58.9777240216961,21.3700761071687
Lp215D,3.71548488852581,14.549249791781,21.9527806758853,13.9861476824887,74.823391785868,59.672055021678,25.8357804105335
LP5,4.05546843313825,13.1226942989887,25.0131746649902,14.0130103580308,80.0485335720214,66.0147681277013,20.2006242302523
M14,3.76137630266148,14.0863076551475,24.9297074630662,13.9962515113748,69.6585784174931,56.9019919832169,21.751915565709
M162W,3.87711250108075,11.8939527401627,19.7627326887373,13.9323271987162,62.8276695067637,50.8041593901934,27.4287199123346
M37W,3.45889560957528,12.374340952941,20.6117003529664,13.9899491666786,51.8826587793916,41.4753543181504,20.3197736928864
MBPM,3.60323417109533,13.7648126211046,24.8221809701651,14.0365926348119,70.8336422191069,58.6273530232948,19.2996278153568
MBST,3.76845777188456,14.5698459591698,27.2753695361311,13.8889740248079,82.7907774320141,69.4246804646268,22.8212443985407
MBWZ,3.95800473637968,14.4698730590211,27.4535365180527,14.0059428992341,85.4712153829387,70.8763365372863,21.3096210324591
MEF156-55-2,3.31208572211442,11.008985060895,,13.9819439067126,,33.5576879197785,20.8372535041684
MM501D,3.84729585972165,12.8425820045427,25.1080871218481,14.0577016404366,77.1324127937025,65.1549861698539,22.0586790021745
Mo13,3.4748903776709,12.0176895179288,23.5898358801439,,48.0860680736901,38.6224804496988,21.1039147509204
Mo15W,3.81627231423101,12.8231714916472,23.8104901565633,13.9914591656802,66.9251949982978,52.7714680646508,21.4074478064152
Mo16W,,11.0882488873694,18.2246925486875,13.9831646742374,66.6821392556198,44.9369256749509,23.1668823522726
Mo17,3.58135557823979,15.3696473966536,24.4550948380036,13.9910051755628,77.1253552112276,64.5300199491991,25.4569089925427
Mo1W,3.79673200867934,11.853326132909,24.1137968453377,14.0168686486655,72.6492974166825,58.7903247471424,21.4085545366653
Mo23W,3.87169039225342,12.6440069370238,19.3497889182098,13.9895349349198,58.1119390867957,42.8990548660431,25.3789948600633
Mo24W,4.17414822148003,14.8248409765803,28.4983779693782,13.9939010218582,82.0874079537733,59.1529149013092,20.8651738364924
Mo28W,3.78209549227676,12.2908702014193,25.6462703495613,13.9925175374858,65.1241578280816,53.2848339514384,22.2669260795431
Mo3,3.76690910116878,14.0347710725608,22.3828571656769,13.992040564358,63.660220131101,48.6663996236741,20.138560587564
Mo30W,3.682124342737,11.4207291818002,18.4281761607292,13.9955964836431,54.7550442102803,41.7075778884395,21.9252986863295
Mo39,3.82839480002337,13.5581290561361,25.0332140222647,13.9854848223505,73.0658912448089,59.746041919685,21.993619397946
Mo44,3.76679412658771,14.7418834183686,24.9129906044031,13.9545586341671,70.5525333366077,55.5656844933323,22.1145666284099
Mo45,3.53834389357814,15.1083857301559,23.403865392885,14.0024490630203,65.289321620886,49.6745189191178,19.6285423427378
Mo46,3.824215295774,12.6272698162777,21.7653653849922,13.9933879007591,69.4827541589123,53.8549853843599,23.2576330089999
Mo47,3.66319562669387,12.7055868998914,21.9830148459117,,64.0980791643037,50.5804733087742,19.900501565064
Mo5,3.87013234378036,14.7425995908137,27.1660545612622,13.9873574807829,79.3903766733008,61.5707198425766,19.5309269295378
Mo7,3.50995872999362,12.0478780908555,17.1640678087538,13.9952589064553,47.8963458053727,38.046034410917,25.685318732049
MoG,3.9017105065065,12.4978478927679,21.2549086494961,13.9938680234038,63.5218747604473,49.9578416071124,20.7742308390748
Mp339,3.41946942463106,12.463662355232,15.8319678045915,13.9203852470513,48.4785264917391,35.5784089910391,24.9174845327531
MQ305,3.72106959907273,13.293196303472,23.7303725008601,,70.1826148532893,57.4202734382422,21.8596052712649
MS106,3.85297715808243,13.8974553526153,23.7666272436187,14.0270164183563,67.8803871414093,53.2662631483969,19.8346033340276
MS116,3.64463420201766,11.3779549550387,20.8518917756053,,52.0000890445206,40.9713824959053,21.1130394141693
MS132,3.57093224215543,13.7502889140714,23.4434099123854,14.0932009795328,67.9254303145945,53.4391326281809,21.1261237426176
MS1334,3.6940103008039,13.4629652798711,23.6833230664959,13.9771235230617,67.6977126129778,53.1693351510597,21.3133749228808
MS142,3.58002926452658,13.609743770294,24.0954688201735,13.9854590923476,68.7142338616024,56.1496163045348,22.2719219238437
MS153,3.87057166845217,13.4613780813666,23.4907055686759,14.0149154443951,69.1003731848319,56.4643609863231,23.0769338565197
MS200,3.88167517350721,12.028162586747,24.1993847267312,13.9996744423455,71.4581444470248,60.0978313455816,19.8740092871304
MS221,3.79228197190534,14.9219683589941,25.5903911770582,13.9842488220928,78.6705835218548,64.8458219102398,21.0183925996612
MS222,3.89587092240447,15.3548547519309,27.8912208239165,13.9233698286394,79.6356742297253,65.9426140451284,19.845505843559
MS223,3.83467224409031,13.4230423176362,23.2833513933435,13.9898800728438,74.4026353056207,59.3234674811178,22.8657652701046
MS224,3.7328572581644,15.9703585260403,25.9950792826749,13.9983536574099,72.5233692098081,57.4336662134498,21.0959362628495
MS225,3.74092866954938,15.7651117776578,24.7767857218182,14.0739631290344,73.3209045975692,54.3617613218066,24.9334306451558
MS226,3.73324216288129,14.0178108628328,24.8806496204683,13.9769972438123,73.5036909884233,60.3860042639289,21.2489319015851
MS24A,3.89770316172122,12.7463140470829,24.4794466570973,13.9945264343382,73.2362681089731,62.7222980568691,19.9721592798281
MS67,3.39818165716364,14.6240332606172,24.315763730384,13.9841799262098,62.4716884944228,49.30275507652,18.3019641426692
MS71,3.73326281671754,14.1351869130504,25.165269473887,13.9983125849909,75.3030040112362,59.3700240668049,19.8138373395202
MS72,3.60101805537028,12.5202546500434,18.1074743496985,13.9345411747757,60.7938391128716,50.0004379670588,22.1874619363418
Mt42,3.41094645178153,12.4976087721562,24.3317164328134,14.0189551860956,54.1846763350514,43.8462774267147,
N192,3.77439951150433,14.3549830923014,23.6697609630301,13.9870910963918,82.8726902708096,67.969386910733,23.110876835772
N193,4.03626558408989,12.4378074341243,24.2840318842861,13.9957981198666,81.2242242205498,67.9277646032969,20.1416809862066
N199,3.94383122806335,14.2560463882652,25.4510684621136,13.9957414244303,78.0241355600966,62.8203532661522,21.7920694594187
N200,3.63352141519895,14.2475971131181,24.64600662952,13.9942457000809,65.2473889280279,52.5476846566353,22.3591393130199
N201,4.02784469994295,13.273247789221,25.0024163542178,13.9907912453264,83.7499991686345,68.7966077493035,21.148601503415
N209,3.81158087768218,13.9430174669291,27.3139502954931,13.9847468587554,81.6699811748328,66.260042880086,19.0316267246551
N215,3.9616744737019,12.5702636956817,21.605115179176,13.9266394049328,75.963351769064,61.5561776179375,22.5968996396792
N217,3.63710864555126,13.8443533979935,26.9790250983275,13.9939846407783,67.594280893146,54.8795713716368,18.7575813419791
N218,3.78696633192452,15.5162212440854,24.3309689344953,,73.5041923856343,57.2514289444173,20.3695159686811
N28,3.86198720235038,12.757272466917,17.7916928416842,13.9223788476692,60.1067036107819,44.1570508815879,25.4289337293107
N28Ht,3.89496789965112,13.4048589301827,25.8318297440291,14.0623348279816,77.6871553847338,63.2713671560859,19.8964772848501
N501,3.8258296247516,12.8031320769331,19.7092412183621,13.9902095171439,63.0368562483176,49.1312819907602,24.836712615743
N523,4.10716200896419,12.2628590407324,23.8566542948784,13.9971871398151,68.8112455602924,55.8986382365927,20.941056933735
N527,3.92509920143312,13.2371190791054,22.637644667334,13.9286112090882,65.7547996959454,50.6759275620379,20.6191739654253
N534,4.0017648613079,12.315520258139,22.8021319702393,13.9892122722922,72.7969262753509,59.6922649271727,22.324027069054
N538,3.62507720016769,13.6860181376181,25.2647605983386,13.9766645200507,69.6913462209947,56.44931723303,19.2629730858432
N540,3.86167246163809,14.901396661045,27.9183501827379,13.9293398503491,76.3167493269301,61.33285605154,20.6888668037575
N542,3.72883287964125,13.9738170700542,24.2063684297965,,74.4927398750861,59.5526259039536,24.7696412148175
N545,3.56464124712624,13.7058587247632,24.0362474919292,13.99753299342,64.3553525114876,51.4073263732278,22.0800552514027
N6,3.87687020866343,13.6849903118668,22.3195541228985,13.9651829999436,75.2798460082602,59.3008224670235,24.0484769223589
N7A,3.91371303789143,12.4437851409716,21.3400311475899,,73.4127062821128,60.8995601067784,25.019116237182
NC13,3.29341634740287,11.5741160998734,18.5221678993911,14.0469360391832,51.6794621678826,40.0702728725445,22.4891206127283
NC230,3.79127178316003,12.2550745909654,24.491935407432,14.0635610802629,60.0562657657209,48.1019449118592,18.0560945596185
NC232,3.86630416456065,12.8100926414737,24.0230414542889,14.0135311789312,75.8733459109182,59.9352104645355,19.3626529925636
NC236,3.53377842675911,12.8989968964941,20.4894762327596,13.9865303110989,55.9335428809234,44.2891059462645,20.7759158224044
NC250,3.72319383364279,12.6252841460202,22.9619687818194,13.9601838273038,67.6170789866204,53.1826540028528,20.9314201416193
NC258,3.76524138804437,11.991091303011,21.7480360028719,14.0023943075826,67.5529523037745,54.4252881391042,22.4767663735303
NC260,3.57898410615011,13.2740970379693,20.8550410985772,13.9912464373796,66.4730071579876,52.2967635215044,21.4353592280199
NC262,3.927645314044,12.0064385673014,21.8521252642063,13.9872337335693,67.4403316151695,55.6259507732879,23.0098633998892
NC264,3.8665617360199,13.1501413126835,25.4676221749167,13.9933123843501,73.8613346171279,61.418420231312,21.3692624105432
NC290A,3.62917002174089,11.3995041406058,18.4381852956213,14.0692781993016,54.2965652609961,43.9953353215973,22.5771879298067
NC294,3.83347649252296,13.5085034694982,25.2239688616488,13.9905710138117,72.1608615502082,59.6323343149492,21.1017247773611
NC298,3.35422555833423,12.8074737189503,22.0030578439402,14.0249484086841,57.8317799389936,46.6459458786857,21.9416185267281
NC302,3.58510107655962,13.1335113292819,21.4703275277876,14.0622495927991,58.383793455944,47.9480122773633,24.7137095261135
NC304,3.70932330125361,11.8743836651686,20.3009905323748,14.0737900379361,55.9327730656711,44.4874864296662,21.8913090794899
NC306,3.76836956667697,12.4260879349122,19.769994045436,13.9869157099833,56.1928700526508,45.8842141090699,22.5348798158979
NC310,3.94008280947721,13.1632727351501,24.9503124698862,14.0305592099915,74.3169014504083,60.8726844050782,18.5657628184348
NC318,3.41084567535852,12.3019542340155,21.8286420726058,13.9892831439786,59.4537031336128,48.4558319578149,19.7781525546001
NC324,3.43940509940315,11.9246756338632,18.1615146537633,13.9968907475545,53.5627917103448,42.0505328445213,21.6865930153145
NC326,3.91027444789455,13.6532738238018,25.1563013657107,13.9926067944062,78.5179221618758,64.0845703146498,20.0285837660541
NC328,3.85788212627575,13.4951240066978,26.779538173671,13.9898807265658,83.2386549945414,69.856093715552,19.9704017185801
NC338,3.42668456129966,11.2455611242472,19.7171843800954,13.9843230746069,48.5134776375544,39.0469055220831,18.7979200680638
NC340,3.62347201414233,12.7199282084226,18.8656616516572,13.952072749301,58.0214466259373,46.5247388591126,26.6045698481021
NC342,3.78042337704975,13.664317209944,24.1534260008275,,75.122455026878,60.6898008125542,22.2722296043754
NC348,3.5491287065762,13.7960566997035,22.6656093409773,14.0237596055661,59.9317725076463,48.7443482980809,23.639178337501
NC350,3.1683637761664,12.2899057702304,19.9855124510844,13.9767645209008,51.4281236771502,40.7397971391148,19.5741877468231
NC356,3.49084810259651,12.0485106286234,21.2465394059774,13.9957820505178,57.400111107783,46.5912496415525,20.0081144735454
NC358,3.57985649711449,13.277865698752,25.6555697441163,13.9961855700318,72.4286074739805,59.2642231167769,19.794584953116
NC362,3.52578893548408,12.8791477188703,23.0162218367708,14.0164821396939,60.9937099447373,48.6178298401149,20.5953967090267
NC364,3.68475928237592,12.4302905234412,24.8068143006686,14.0022697514388,66.2545071290455,52.9367949061051,19.0980315656537
NC368,4.05486416073005,11.6407414199585,19.5214138769624,,64.0977446126242,51.4695870766461,27.1975433533802
ND167,3.40407273853435,12.0419254290791,20.752390054574,14.0860833144203,50.5448750135633,39.6067998396253,
ND245,3.30436358485039,13.4402585427285,27.1087707135072,13.9682504114625,61.7836195542587,49.8823243834329,18.0535272985704
ND246,3.41046721005739,12.8130572386479,24.5324806711842,13.9881213453927,58.7173934997277,46.956007089638,17.8643036107982
ND247,3.45348450021411,13.1107925412886,20.6534716362809,14.0011437438357,51.9918772123286,37.6179552814958,19.6979992255956
ND249,3.38366643574663,14.4738598157059,18.0136241218766,13.9902617794756,49.7583079251687,36.1362155879502,
ND251,3.52835348144979,12.5985204481649,23.5641071585798,,58.076942418804,47.9502510574684,18.1782914661709
ND259,3.71487242619658,13.1887275317391,25.0982132690252,13.9840958687469,69.0363762990137,56.4846657960912,21.3715136583466
ND260,3.40891392951729,12.3032467525394,23.4773956160242,13.9198015060659,57.3704345106189,46.5257738945279,19.7569757606428
ND262,3.513435372559,11.9942876693334,21.8780600731484,14.0806632290464,64.9717505116971,51.95684603976,21.5215880419126
ND265,3.61958876984986,13.8942845741483,22.4716106814367,13.9496745635087,60.8151447521011,49.0970633924631,21.8415476518251
ND283,3.5088443653684,11.8995685688382,19.343949074695,,51.1847430271405,40.523166217483,20.8776615075078
ND287,3.70330395670359,12.3506846015895,18.1104535989252,13.963080575819,53.3544519110184,41.0598000150247,18.3852005511693
NK740,3.61457832417073,14.8176159842442,27.6800669357628,13.9878210903831,74.3963604735302,62.2974136362085,23.6093427616608
NK794,3.63005921608046,13.3915450391,26.5090647748448,14.0013352140885,77.7364159452577,63.6533302776187,21.7170726577835
NK807,3.88150637190374,12.409486951655,19.6197554084947,13.9954195771211,70.0982330886366,56.9073517084142,24.7849159568065
NK907,3.61270958786548,12.9587648255046,21.7591528600656,13.9997119169699,68.9177031332282,52.6073738955707,22.4134084413188
NKBCC03,3.78708512165892,14.7252204496039,26.9926233266218,13.9692455050355,80.0447825488874,63.9806108714062,21.8210024663581
NKH8431,3.93978406494707,14.1924269060527,27.8166341967849,14.0039861623949,87.1833671196887,72.9093334763407,21.9467924382139
NKNP901,4.11452911931945,14.1496270091681,24.8123591553587,13.9118870074037,86.8559009271079,70.8197751852315,23.5694907458734
NO._380,3.51341373754779,13.4809910311497,25.5979053317066,13.9704440186386,57.7943246263457,45.9510297491424,18.6484020506709
NORTH_7,3.78016669630338,14.0888060588019,26.9332550643227,13.8868115009631,73.6580637514332,59.5914487625558,18.7070845282907
NP87,3.33831316737226,14.0284359585285,25.9506973862394,13.9913420936446,58.6552665114762,47.176995856011,17.5297682617484
NP899,3.53173120998406,14.410553488996,25.2194988168509,14.031717742393,76.6849728444923,64.3892573257227,20.4279120826606
NQ402,3.92476637280106,13.871414359688,25.2611882834506,13.9933223923249,84.7610549498573,69.2883781035917,22.900191057297
NQ508,3.7893184231585,11.8344608633402,20.5011882206645,13.9106973806787,66.3350552969368,53.4801435987975,27.0339097856322
NS501,3.72139728367767,13.4391358399455,25.3485913968777,13.9025860308016,69.4836573182432,58.4901872921354,21.7803892189964
NS701,3.83931048553609,14.3686842001217,27.2761417438582,,85.7608842296804,71.9124472960572,22.9480260344135
NY_159_(Neveh_Yaar),3.66462797317075,13.4756778221703,23.6092218590616,13.9918067305729,68.1437634748378,54.8141293608407,21.3516260539068
NY_166_(Neveh_Yaar),3.64917623248934,13.0923097251116,19.5286821465285,13.9876008725992,62.9261327324739,48.6374100155531,23.9909011375386
NY6371,3.94229460800868,13.6017110513286,21.7057733316516,13.9448817954553,72.1260464582576,57.2483331204803,22.9249848517743
OC19,3.27269426045452,11.0440098585709,21.1380550364779,13.9906071472223,49.4749918335059,40.6889876210521,
Oh33,3.5493479818172,12.9290143767779,23.8057620639116,13.9909174547934,60.7035889091471,48.6573007456195,21.1064358434253
Oh40B,3.63900290085582,15.4277085403652,26.9175221470537,14.0115707699775,72.2154630152699,57.285793141325,20.8709881524996
Oh43,3.82386952383148,14.792650155999,27.193846557627,14.0159086312566,84.7516913991811,70.1113060597823,20.5053410610506
Oh43E,3.95643290871841,12.7511654760322,23.6502868036071,14.0000561226784,67.8700135350874,56.7627044360352,23.2953645008539
Oh603,3.66017085506095,14.2557275955234,23.3425178087902,13.9867962927385,71.1787096443875,56.8565161720321,23.9577962007925
Oh7,3.47495273479468,14.0599840314204,24.0739778735266,13.9993031188552,68.816115120576,55.53205395179,21.6293321179746
Oh7B,3.48232135923656,14.2279694915248,24.8916681956161,14.0273074525186,69.3614582073606,56.5605865737505,20.3766720140968
OQ101,3.4502869858874,13.1756965216068,25.3425622741047,13.9963588923993,59.6867838359343,49.0255845839377,19.3414957727749
OQ403,3.5382695865299,12.7293518422756,23.3092444650788,13.9921330694468,65.4329921207207,54.7509076269745,20.9063250550146
OQ601,3.90585451151313,12.8565098600656,23.2043408779423,13.9780374244484,75.1645881185522,62.9213467648141,22.5331020079936
OQ603,3.76794897585158,12.5896588306517,22.7739717294373,13.9542645309409,73.5314705787969,59.3973981569617,23.3063961030827
Os420,3.89807894895116,13.7084897365195,24.6472371705099,13.9995684927663,73.6734655693207,58.187964457445,21.6169227403513
OS602,3.57174843465004,13.3890393203139,22.7394476279818,13.9731302620049,71.6911359733585,59.5825705843935,23.0761310191464
P39,3.70518218848098,13.8743981883617,23.5032287994255,,64.4710876176433,51.0157219223267,19.0972020570776
Pa392,3.63789733464663,13.4474773283999,26.9011632272769,14.0784322737912,71.5048764230437,57.726142926352,20.1389524152892
Pa405,3.57228982709232,13.2003793288202,27.205675134549,13.9688319827465,63.2539293938059,51.9674347821577,17.9461242256955
Pa468,3.72973614716895,12.5765727976703,21.5929312346654,13.9619988850944,60.0458532383426,47.6604356747108,20.9393151772244
Pa762,3.71955856574025,14.2198216970111,25.8376444064399,14.0233544901494,78.0185486962264,62.5715561370196,21.0508524378722
Pa778,4.14653568255565,,,14.0174354547572,,,24.6605838592366
Pa880,4.02593345727287,12.5786143472469,19.1766264231167,13.9800110868092,65.9506150339568,48.543841159292,21.7944045763772
Pa891,3.85267550468958,14.2871046968183,26.4354821283512,13.9909382016467,73.846854756049,58.5257488265955,20.6955965509966
Pa91,3.70269638587965,14.0232984128093,24.2719299932677,13.9451959540059,73.8519154774196,59.5276613767176,21.3043721557416
PH207,3.94470476235373,13.6557848926946,24.537244286388,14.0161012699917,77.2112792625859,62.9302156537474,22.1573817300811
PH5HK,3.96434684208708,13.8161354597799,26.141760049461,13.9908337034416,89.9582532398418,75.4730651170466,21.7003397168221
PHAA0,3.89293821527906,13.4358863449465,25.1579275009089,13.9941971019094,82.8782913141245,70.0833887331166,24.8905148030984
PHAW6,3.6858434772204,13.5008607985272,25.6996932791041,13.9989954734269,79.6478462779676,67.9875184717463,21.1263746482439
PHB09,3.85997212414098,12.1341902596807,21.0958605343041,13.9756720670425,65.6820069172167,53.8462306567918,24.9443724390387
PHB47,3.86645611116343,14.4849317606756,28.2459292380952,,84.6154124563257,69.2101797333174,23.4241618992997
PHBA6,3.7064654319337,13.7441572741547,27.0546710066757,14.004050792828,81.303330844843,67.3452880052743,19.8871938068675
PHBB3,3.61992170907578,14.9872357883888,28.495208540303,13.9874678896799,69.6813798186628,57.4318951420113,18.555180865085
PHBW8,3.81687238243146,16.0255483786589,27.954255198023,13.8921674347432,90.3700844013266,73.7254553699105,25.1751372340079
PHEG9,3.79194560673758,14.6349517149283,26.2291812456282,13.9906715054148,74.8229254714466,62.4605946024845,20.468625704677
PHEM7,3.66332651414372,12.5031744789993,22.53279667196,14.0127855727256,60.7803808936848,50.4864818009331,20.8069570756342
PHEM9,3.8353437069749,14.2863135673528,25.525741528957,13.9813043449815,77.9062920478,64.2612811915264,23.055782706894
PHEW7,3.8982108892242,13.7844442611228,24.100013918995,14.0751887026666,80.3577757153061,66.4396703988357,24.2422036442812
PHFA5,3.8048268718014,12.894525028147,22.6596659126305,13.990722568492,75.5164462794341,62.8710671660973,22.6893506774998
PHG29,3.91185848461206,14.3300768243451,24.622038499088,13.985978169536,83.1756217630543,69.193496669931,21.4339121937732
PHG35,3.94344961854095,13.9120484067231,26.3152186040938,13.9767328426386,73.7923817749569,57.0877392012111,19.2241116424034
PHG39,3.63871046018224,14.655434100145,22.3937718201406,14.0892283991821,68.4643286623469,55.794626744352,21.8670581826467
PHG47,3.67418420404344,12.6892686846191,22.6514762777551,14.0164813895161,71.9422799541536,60.5444424998779,22.1191658296197
PHG50,3.90210705890834,15.3280649137018,27.1658032078979,13.9786554408424,88.6537852732243,71.387823064799,23.345098253326
PHG71,3.60328064352126,14.7125646667513,26.0781269017791,13.9950571872527,72.6968006149647,60.1947357412872,22.2016709386416
PHG80,3.83238736696636,13.5592786237267,23.5409400790511,14.0532641366185,78.2697550011768,63.0561735926859,24.1387497894869
PHG83,3.91837108957845,14.6791061256765,25.9191136683708,14.0093573893891,77.8823380050671,64.5404566117409,22.5191299045928
PHG84,3.64478481297668,12.8745747656012,21.5640778304265,13.9925823933178,59.1394893360767,43.681860874356,20.4313783114673
PHG86,3.69475455003344,14.5486231053349,25.7500114502933,13.9875690998115,73.6249985554167,58.9493448193583,18.7764639205267
PHGG7,3.65704664874077,12.2137211722039,20.7191552172021,14.0700604662532,62.34146993132,50.8991288274377,20.6367202500671
PHGV6,3.8426483230363,14.4698515055428,,14.0002277358341,77.6299492753579,64.5248041262971,19.6470359404027
PHH93,3.65082924581198,13.4032573573472,24.972864233531,13.9547989072616,77.8209140748839,64.4448441428825,22.9201187011714
PHHB4,4.00189190597829,14.9652713260618,25.4725614873479,14.0148493253778,77.0063397128714,70.2982615050603,23.9482902065663
PHHB9,3.96416132367526,14.7328698863632,27.2702442026129,13.9938576021855,89.8937562090074,74.4033003171154,21.2362739823259
PHHH9,4.05546267501747,13.2795666191275,23.4495944991631,13.963604984499,86.6805617168385,71.3648558026701,24.8703409364003
PHJ31,3.84392438775329,13.5619233822789,20.4399618254061,14.0086460912143,57.3520651138361,40.4489454385687,26.711930084351
PHJ33,4.04445542730577,14.7925020010097,26.3261686520626,13.9646016485238,86.7415023887359,68.1905837269775,21.0962514507923
PHJ40,3.87683820570324,13.3757135163229,24.2386310536265,13.9586002273456,79.2631945507648,63.3072041557605,23.8743026572341
PHJ65,3.9761021867283,12.585995328069,22.5171719678433,13.9936364315524,69.3592059177699,57.7744710873202,23.2217561649973
PHJ70,4.07016834946089,13.2826484363011,25.1794382598049,13.9983009219478,87.5704983798884,73.9057692369009,20.8049542453238
PHJ75,3.66409047618259,12.1599720917057,23.2695541502262,14.0219906568399,71.3792543914357,57.9118835676303,23.3903171425386
PHJ89,3.73044498093048,12.9509311400342,24.3981030258154,13.932464011338,74.1788551970488,62.4939066209512,24.7762104111565
PHJ90,3.8737614745339,13.4986182590437,24.3508502623841,13.9893910700202,74.9991512519273,63.646498904602,19.8237867837587
PHJR5,3.82734699562904,13.8922352539754,26.1923810456487,13.9872658116528,91.1323059588025,74.3309798498899,22.1305975360384
PHK05,3.73613802961169,13.4009716014517,24.4077781219691,14.0093630624873,61.7222223167365,48.9351337977165,20.4841212219922
PHK29,3.72072607505417,14.4009390607054,27.7431643691053,13.9937278180871,85.757725481167,70.8887722381319,23.3323441123071
PHK35,3.85041661865935,13.4274728767187,26.4693708441892,13.9842359287684,75.9762262269195,63.8974296967558,20.6455509506835
PHK42,3.91835737182644,14.0176144333922,25.8213443284889,13.9833472237527,82.9143643828232,72.2752578167866,21.4359610151201
PHK46,3.68621770587289,12.8003719322357,22.3440591020883,13.9946885345719,64.7455095556065,51.4041062918121,20.2805956507585
PHK56,3.99864506799397,14.1072498080052,25.0355284328584,13.9680879083315,87.8498242926834,73.6567969170488,24.7290550182954
PHK74,3.76608663299767,12.9762217002561,24.6275343053395,13.9977118232742,76.2401000710577,62.6218808491452,22.46149590921
PHK76,3.71986870683338,13.8992211544792,26.3723329360037,13.9840026393576,78.5654974273753,64.4102672091933,20.3300229955598
PHK93,3.8782180809021,13.3781996889195,23.1835242677568,13.9943545140258,72.1773545048616,57.4034840021337,23.862520804898
PHKE6,3.85792383729836,12.3944112793952,21.7667768383335,13.9787732114839,78.4504342087073,67.318944652301,24.049536746231
PHKM5,3.45915928577656,12.0152378780024,22.6512450371867,14.0089463465306,58.6691482808813,49.2986482917583,20.2818319341953
PHM10,3.82025532182381,15.2346931528402,24.1008456934303,14.0034327648713,74.2880773069702,60.0171653608274,21.0206919566063
PHM57,3.8414339650924,14.4129109730203,25.7775226388737,,75.5731163425676,59.8638081430633,20.9304107459838
PHM81,3.69318964888644,13.3808207866805,26.1824711993665,13.9655116837262,70.1293531024022,57.6523342644355,19.6961031388695
PHMK0,3.59922289751401,13.7967080004349,24.9237293494249,14.0439724830309,72.713799053939,60.7612256462818,20.3987546193157
PHN11,4.08219759339747,13.829793956831,25.8378470972325,13.9899419870228,89.4319533818721,72.2849696271258,19.1956177318658
PHN18,3.86957775654324,13.4474461998528,24.4911641071131,13.9429188488,75.5216683606893,61.4489054824455,19.7826825627918
PHN34,3.49931666662354,13.8661002768875,25.8047220767596,13.9415954645642,73.2365506539108,57.9199386577704,20.2207070824734
PHN41,3.84050391362348,14.0469457850288,27.0295237091881,13.9835945038526,80.8034788456735,66.7486440478205,21.501189438906
PHN46,4.00364420482526,13.269263505061,23.4752298680372,,72.3419193162903,57.9782422819913,22.2840803199868
PHN47,3.77572906376213,12.3835654631782,20.8764501803082,13.9819225403235,64.3333354012874,53.5498165986203,24.278919425644
PHN66,3.85468851462627,12.9405945865861,24.4956285307656,,76.2622604743664,63.9456808599049,21.8298270140559
PHN73,3.75526436553146,13.6747319780861,21.859790352957,13.9210012150995,75.6106898802039,60.3815497795391,25.7407326700535
PHN82,4.01434435587756,13.1828816232981,23.7676854397971,13.9958224964015,82.3591991372375,66.709589635693,22.9731469993203
PHP02,3.83683749603483,13.9000826593267,23.4131608027549,13.9864709800673,83.7209452522285,69.209359704992,23.6092580643372
PHP38,3.92813128453392,13.3183790471371,23.0263412343775,13.9910364279494,78.0876879745405,64.0564525868227,24.5696100362945
PHP55,3.84422483961982,15.1499000904256,26.6697086929936,14.0002488175864,90.3658953567961,77.5349696165859,23.0829036225477
PHP60,3.59589132913744,14.2095565189638,22.348805625324,14.0245239867996,66.1977104145357,53.4830330680142,20.4004622277628
PHP76,3.65808670636449,14.0533131797031,26.5569395261782,14.0673308774456,79.9947632428163,65.6718334223931,20.1788428878366
PHP85,4.00190597710204,13.9894832978898,24.3613371029807,14.0074952415198,86.9502919866227,72.4642559137927,24.3700879668886
PHPR5,3.78605852247988,13.7750016732834,24.6537680372647,13.9762142851615,87.6193706750957,73.4238659769787,26.1826294403385
PHR03,3.87277638084875,15.2394316130099,27.30326526681,13.9067722807953,76.2253755714421,61.0455924643454,20.4217267188395
PHR25,3.89943826812136,,19.2104018685724,,66.6635759530962,53.6504618387345,25.4052886819673
PHR31,3.81900690694123,15.1726582274796,26.3118287670532,13.9458988017893,84.5312624371745,70.0463293857487,22.6845560341245
PHR32,3.98831953526423,12.4815568291899,24.3302120012086,13.9776539295516,79.1374807483481,64.9762934360232,23.1416017790883
PHR36,3.57508457651552,12.7718814109633,22.0614754894539,14.0700942604018,60.8636981572342,49.1760103105605,21.1557263000909
PHR55,3.85632960000467,13.5592915607894,25.1613355842808,,71.6780562906362,57.3085093463607,19.0891606245575
PHR58,3.88969724799567,15.8450440854128,27.4618664454398,14.0132023971529,84.1987845517474,67.4702817890036,22.0673978947609
PHR61,3.73771972931566,13.7571185554052,26.1330305298433,13.9983372679712,80.4637876181495,66.5219132670391,21.3687025311348
PHR62,4.16655412867677,14.3855849899838,27.5745424723149,13.9593148857612,88.3819240773716,74.7133569392044,22.0545784585275
PHR63,3.89389440793484,13.9563640705155,26.4270819315328,14.0030545954808,80.1579451991303,65.3168091459379,21.7708886989147
PHRE1,3.83534041001757,13.4555606772004,24.7065076759759,,75.3238835659592,61.5846011015469,21.9175724401667
PHT10,3.72822492836846,14.0906959632683,24.6121592410479,13.9926100593572,78.0777824157758,64.2463188573533,22.2958746411645
PHT11,3.76729631330651,14.9167886336013,26.6295649222158,13.9950822538573,87.4844513349936,71.9575874948103,22.6959299575707
PHT22,4.04578338688566,13.7034817710967,25.7616310878363,14.011241552474,85.0554904208137,68.8873713125095,22.0061371517519
PHT47,3.79867535998894,15.761576659979,24.4411043247291,14.0008184438176,87.6618296545711,72.6931869874769,25.680586166938
PHT55,3.67153235315597,14.1323300766287,25.574785439638,13.9428928812813,72.2652903690797,58.0818791498143,20.856385953577
PHT60,3.80397342651253,13.5340875750489,23.8403397685057,13.9848928063421,73.0515257468195,58.3441885480609,23.6579462634031
PHT73,3.42514476520852,11.9037690353078,18.9445676823658,13.9102060658601,46.9796238043512,35.8558750701552,19.2854273416272
PHT77,3.86368653958977,15.3554318139864,29.2673699941111,13.9889761340345,83.1013920389759,67.7997371233357,20.5544844839469
PHTD5,3.65678207379281,12.6190968596032,24.2285153585408,14.0053583005073,66.1704296446004,55.6165929660134,21.0878146060918
PHTE4,3.71256154210442,13.296145541666,26.8153339692202,14.0059186345468,68.9280617885984,56.4677685415031,18.8604713140331
PHTM9,3.44990806059163,12.8633769311541,24.7635496004963,13.903613528487,73.117928814609,62.1187695372598,22.7019336466476
PHV07,3.72049411219504,14.2186512445744,26.0716180603833,14.0377491895674,68.4338128639949,56.1486331990521,20.5096035378071
PHV37,3.93891546137522,13.540437827492,23.4701069145498,13.9907039752406,81.1517813597488,66.2256206639593,23.8521301314569
PHV53,3.84218217921417,14.0330179127495,24.5828386592659,13.9780092023128,66.6330442447447,54.4027263991869,22.2373191985717
PHV57,3.74079959106093,13.6503933363733,25.637919540119,14.0029498526879,82.6132693306637,66.9442494057865,23.3524434316647
PHV63,3.83695145896968,14.4484628506011,27.9831838629577,13.9719614164939,81.8725251248732,66.0120836289901,20.1594141525028
PHV78,4.10658053378212,13.1135752759149,22.8644025069252,13.9944107591393,81.7858643754802,64.8369524422589,24.1033965222113
PHVA9,3.92332700240503,13.8801645565871,25.2706651104908,13.998474466746,82.9054217663186,68.7508929720981,23.1094065095463
PHVJ4,3.71158048830847,13.9372606463173,22.2751804855143,13.9836729373431,69.6564912969911,55.7488096806216,21.5412442734821
PHW03,3.85403413068534,12.9985327437519,24.176262126971,,74.0311881052052,61.4133547754816,22.7491645424625
PHW06,3.5656979569012,11.759012006701,21.9028962466683,13.9992540022289,65.3464303686831,51.1175691527761,22.6282902593162
PHW17,3.82462688744081,12.9419701637563,23.0462297256158,13.984161370865,83.0520050832238,69.2076933227204,21.5757215494925
PHW20,3.87284511378715,13.9390694217532,24.4166462732553,13.9863455806271,78.8968334879992,65.0024998121503,20.7776629223458
PHW30,3.76213949490442,13.0014631546828,25.2719215448678,13.9955693781144,80.0931311568936,67.3731891381651,20.0380364689702
PHW43,4.00506794787878,15.0725292221929,25.591573353115,13.9905668885798,89.8230048409735,69.0233191695873,23.4099799079694
PHW51,3.7790344640163,14.6039480139901,25.5474464472433,13.9933431890546,75.3073388007276,60.1821144189531,22.7011920408184
PHW52,3.86776854430014,15.3223539026539,27.0935123294611,13.9938394330577,82.1569613745604,68.5878274205657,21.2881431881046
PHW53,3.76158777764377,13.6088124824651,25.0594918306172,13.9992723046348,79.6818329451297,64.5165891772715,22.0016016263748
PHW80,3.85824717994244,12.7880086135098,25.6604189427125,13.9938594229729,69.6157815766422,55.6128065750388,19.2651672597956
PHW86,3.80061205194044,13.7206038553923,24.6760871688162,13.9865207398532,78.5891707390179,66.3886568190064,22.3555995047269
PHWG5,3.88722153247459,14.8567117613998,29.6709492483773,13.9833427485573,82.197729282564,66.6489790944726,20.078544953994
PHWRZ,3.60889895390827,14.7134403976883,26.1753964774912,13.9951540408502,83.562244120028,71.481124641306,23.2328610524867
PHZ51,3.59905302225066,13.1288138125713,22.6818423343044,13.9358957580932,71.6803851568279,55.6559412138834,22.1052271933198
R101,3.61190077282501,12.2580048907697,18.4121990868059,13.9991529623903,55.2611689833915,41.2715182843846,22.8961084143495
R113,3.90017171302879,14.3419629668913,23.5911622398721,13.9906589381511,78.2639781572241,61.4293775813721,23.1777194771928
R134,3.71124795928509,13.1323672754367,21.5639997032141,13.9593435110068,76.5470725076562,61.1467384321756,23.6015241204816
R177,3.24436279444864,12.9668478306546,16.6272774759135,14.0334731003609,50.0890353485135,35.3307508393136,24.2478841646956
R181B,3.77422942817471,13.0383320493744,22.2061285743675,14.0176393288141,71.8477201388824,55.028467405088,21.1265502411469
R197,3.73728799851091,13.5216825874492,24.554992761198,14.0419414133769,71.2632914185485,59.5214302721978,23.2083609125646
R225,3.70653388608838,11.873677568259,20.9121874832039,14.0460436151189,65.3692176851658,52.7422623024623,22.85172070797
R226,4.11919486165055,13.403968519224,25.9099712975629,13.9846400747085,76.203209506648,63.3804373928379,21.1137389008959
R227,3.69625092020532,14.4630419464489,22.519685644013,13.9836136023441,69.6155289554587,53.4291998240278,22.3831377826403
R229,3.71811490029351,13.463198721028,25.0773405390205,13.9866731465638,79.7271059246753,64.2101719434131,20.5969873702273
R30,3.95847003819838,14.0174145400714,24.4659616948621,14.0031057014392,76.3206753613345,60.7923246134444,25.4413334356572
R4,3.54588158266076,14.51048326455,26.5899088763596,14.0438350170405,64.9035221066482,50.7537525675211,17.9872276117432
R53,3.59318460384246,13.0166755276357,19.1044589727435,14.0015503617363,59.2562242893769,48.2744194880341,21.0831945334785
R71,3.74076851617234,12.8654420983894,21.6663181602094,14.002840469792,59.9049500837801,48.252928690099,20.2531257448213
R78,3.57888858484856,13.9464667658672,24.6259040021598,13.9723029521586,67.9462339602765,56.4221537109413,19.883867892803
RS_710,3.80934676641919,12.1603330788866,20.2513984096962,13.9852775295552,66.3852447861437,53.3886528629402,21.6053954331602
S_56,3.53826365012008,12.4983504280133,20.4279963247183,13.9437135551129,53.5529379400462,43.0744641743071,21.2599164573591
S8324,3.80274090148191,12.235637798908,22.8743441956652,13.9844639156223,76.8026720369164,64.831475428965,23.203057172679
S8326,3.61626902445337,13.8701350449587,27.3964902727514,14.0366462466525,76.3261603124888,64.396685926902,20.5083599040134
SD101,3.95016178210869,13.4126813218169,24.8622970786001,13.9959202179779,77.1409750055807,61.0893069473696,24.2592164124039
SD102,3.51216184107083,12.4971227660171,25.1132704752043,13.9955332393193,68.1288255338779,56.1421100516638,19.0886955465629
SD15,4.05693057767398,13.9202640725679,24.6895455539644,,84.113939312355,67.9382191073154,21.163090496151
SD40,3.82238242871652,13.2799181176012,25.8948449705693,14.0004397118778,81.9932761826436,69.1467867063254,23.9751763382972
SD42,3.76140784928621,12.2158753216202,21.6638161438376,14.0276421353319,59.6554060215859,39.9177095610445,21.9331516424478
SD44,4.11788097720285,12.4217826690745,23.3462390872166,14.0171350029653,80.8241393590831,67.0366884178137,21.6316317775532
Seagull_Seventeen,3.71876939543161,16.2140212380694,28.8282445583746,13.9949965650305,85.1716524191674,72.316525843071,25.2403320739663
Sg_1533,3.47874647322023,12.7406508934611,22.8195809379488,13.9827209796147,53.602999961436,42.8438770126995,17.7376500845125
Sg_18,3.33589048882275,13.4371467272728,26.3865330586106,13.9138988296571,65.9356187310617,50.2731638031203,
SG_30A,3.36538617171952,11.4076577225594,21.7666029392123,14.0626557544001,47.7327173115434,38.9656184114343,
T141,3.53507957222109,14.7852834380512,28.4108573792239,14.0094321881794,79.9955520669112,65.1700058479576,20.6622245676648
T146,,11.6359008897075,23.090566693393,14.009876950277,47.6030823530936,38.9320688956989,17.6630756085312
T232,3.34514157993003,12.3765647313996,16.0490894989263,13.9871503178691,50.2290306561412,38.7553222764951,22.9604084334372
T234,3.46763811388501,13.1939603283498,20.1231981756493,,60.7365934398284,49.3584097617743,21.3733286936518
T242,3.16764690652441,12.9962372753431,18.4735327337303,13.952366438859,45.615435791405,35.8602918597016,22.3501379622679
T8,3.45348470059614,13.9038804019347,24.3475407254707,14.0908415837283,67.5332903964249,55.2241037376566,22.3054736799286
Tr,3.76087650079408,12.575934489407,20.792093067651,13.9876311499603,67.2643246262714,54.9520894023514,20.1721105624967
Tx303,3.71020453929395,13.1543086425154,23.5283918007032,13.981536724486,63.2253257411442,51.3008356443831,22.3318766542703
TZU-CHIAO-HSI-WU_105,3.99220990776469,15.292042452166,27.1656632014434,13.9834611850795,80.8877189556786,63.8656861893914,22.7444129241255
U_123,3.59014492443166,12.8643635417557,25.5269628670119,13.9697966586234,56.8820587714887,46.2885728008204,17.4844086768434
U267Y,3.47027163330697,11.8582215764509,,13.9947428248881,45.8500752722486,32.9479379267317,26.0705391397669
Va102,3.76497056579697,14.6069803249211,24.8741389745858,13.899791084437,81.1565656779638,63.0262263414131,25.1998548421666
Va14,3.37015612196115,12.3003262655001,17.7851327368527,13.9315489616826,,32.8851744134361,19.7344943065531
Va17,3.41511288660154,11.4521981657587,15.9795022355244,13.9778306264394,48.7847435809192,37.66079732156,22.3850602316717
Va22,3.52679414025172,14.7885729053342,26.2983391917474,,69.5706796716002,54.517420657849,20.2421782152453
Va26,4.09620687187137,14.1042639301492,26.6654692230207,13.9894384150037,82.349324780576,66.0019058611655,24.1937079336225
Va35,3.68011608516658,12.4918222837937,22.6742126472258,13.9927247452654,67.5047936622224,55.4028654534523,24.6866954802456
Va38,4.03155110926157,12.4850803999613,25.4671533349425,13.990211947334,86.893193516534,71.1819589442795,22.0559341753011
Va52,3.91832968990143,12.9829328759577,21.6239872541834,14.0031182562846,68.2553934164092,52.9542753279971,22.9529256509277
Va59,3.74001834997826,12.0304747396594,22.0142891644758,13.9037014363352,63.2724063478985,51.2319148962527,25.1855435520031
Va85,3.71528065232092,15.2766893222723,26.543212142561,14.0168838505495,77.2251777600242,61.8948170756772,22.9027532586113
Va99,3.80669154186583,14.5913262408927,24.8504809536763,13.9984396973187,81.7968561568926,66.60247669794,22.2976234127645
VaW6,3.50168221891843,15.1305252029835,16.5982824089746,,58.7901740579282,44.583702701106,23.4964691916283
W117HT,3.66203850612051,11.6938562638203,18.1512235067386,13.9429408682904,54.5930448454757,44.8920515009707,24.847898111646
W153R,3.63985684304475,12.4692914314672,24.1641950278013,13.9880828886939,69.6098483370276,58.5756860384291,21.2133982313958
W182B,3.49531202378693,14.7915259081383,26.6611237369738,13.9943165322903,68.2371105218265,54.0610150752202,21.2236390669331
W182BN,3.52095667865233,13.7307747501176,23.7829298609714,14.0092158253185,67.1047908793613,52.9754129463493,20.5951883171239
W182E,3.75570734819308,12.4111381401558,21.4628827098627,13.9889009813905,63.706347635707,52.1084474117657,20.7661907012107
W22,3.91432727621983,14.0993154149228,24.0527219599059,14.0397640174516,69.5767647681168,54.8230787210346,20.3224623568487
W23,3.67295842214235,13.0897938132368,26.7735691467616,13.9772894956471,75.5273047200319,63.360644226211,17.6573728411356
W24,3.72930254218156,13.4401341574776,25.4856522652032,14.0405049069226,72.9639884313503,59.3498664675617,21.4066404497114
W32,3.81490884425222,13.9705987709396,24.5312306470675,13.9985145918144,73.047481490748,59.2039232986131,21.0273535733728
W37A,3.57754784374408,14.1855286930102,25.3233632516799,13.9764034121358,75.706642953322,61.3285331341056,23.2568648561005
W552,3.86718536392079,11.6988792651892,20.5972739172725,13.9903836865522,68.8282847646521,55.6917307885406,23.7285745457727
W601S,3.37243818795198,12.4663267334212,21.735409246291,13.922103859901,58.6271486790288,46.4432826612566,21.20704219923
W602S,3.66509817444399,11.7303926674717,22.1814361887106,13.9166409025881,63.1805575763517,52.2494349749224,20.6038105591672
W603S,3.82357523483841,14.1816135951379,28.3862621867359,13.9756968806069,75.4317598681892,60.6240863989026,20.1673591001512
W604S,3.77281208876486,14.4765329647053,24.4639958840861,13.9780966084137,70.7391503501664,57.0305930337085,24.7378083318259
W605S,3.82422009299969,14.3121240516173,27.6801603151119,13.9892430062677,80.8392297010221,66.9938527570464,24.6485297930641
W64A,3.76048929866194,12.3800914177269,23.9936662883982,13.9694802456228,74.3015396675353,59.591421976263,20.4038559911803
W802G,3.38379140928279,,16.1730337687517,13.9942630153433,,30.8813331192335,19.5081808710337
W809G,3.75528206637902,14.8314003806306,24.6170836473196,13.9893348718443,78.5180719644185,63.7243630068807,22.5043875834109
W810G,3.61886520506744,13.9501323002541,21.7809980643382,13.9991120113795,57.4833899215292,43.9483597025323,20.5547593945931
W811G,3.66370824561802,15.0713293853681,24.7976968279823,14.0112035364029,74.8893871638179,61.2994767410455,20.4712854507171
W812G,4.12225039349277,11.6425512925149,21.9186430602548,13.978059748772,67.9534680040907,55.6994433083571,20.690987958355
W813G,3.58976520688845,14.6851235203793,27.3702888426626,13.9874979506838,82.6354224733574,67.4194369936014,20.3354388126551
W814G,3.7472413926462,12.6223931919128,22.3653064765196,14.0743354933102,65.8056906834706,51.6625340180501,19.8030710717415
W815G,3.91940223887677,13.4327504224891,22.9427237197159,14.0423868806436,73.107058528001,61.0046356599844,24.8776289019061
W816G,3.85053161243793,13.8531296875634,24.9810602917222,14.0131874523167,80.9832983330614,64.5350226236197,21.8914343735833
W817G,3.78943296196715,13.2879395660542,25.2888096264323,13.9866781468996,76.7775021069879,62.5292851438404,21.7865884133163
W818G,3.5567624858157,12.244076291872,23.248697793015,13.9327876525359,64.1810954152245,52.5082473830028,20.8101973296763
W819G,3.88563717821299,14.4249354687385,24.820866771623,14.0476809196688,78.1324776738035,64.3003967263205,21.5757543717935
W821G,3.85483697473846,13.71157287745,25.6907164126004,13.9811667690363,77.7614762494409,63.146854885448,21.5366275495626
W8304,3.76602414460638,13.5860971292265,24.3951104263872,13.9805743020297,81.1593177203913,65.8253780885315,19.6553169609867
W8555,3.82331949168157,13.253429692723,27.133849422965,13.892222268214,85.8802214567888,70.5518236745627,19.8459507150735
W9,3.68959310954928,12.1971405635347,23.0004992776133,13.9906859568169,61.9026782730696,50.7736708308215,18.9389138378745
Wf9,3.93244901167821,13.4089498772781,26.389356863999,14.0211977821595,89.4846669089854,73.3994834316463,22.466449701518
WIL500,3.85226666457485,13.3404718529246,19.3809011778788,13.910414388935,51.2039188894345,37.6290974885412,21.4719653697079
WIL900,3.81242460855489,15.2066257116279,29.4445565893239,13.9871223091253,90.4526594871469,76.1982537886939,22.2612386627948
WIL901,3.69609375044978,14.4802685299376,23.9789153897545,14.009447815541,66.1431752505116,54.0847755072202,23.4551709073081
WIL903,3.84033343555541,14.2204503298432,26.1418231474395,13.994452471627,,,23.2214236615333
WR3,3.8381457336238,11.8244451832625,20.2422715061189,13.9926600749248,61.949872834434,49.3597728958818,24.2154800546674
WU-TAN-TZAO,3.87913971252675,13.1827643847393,23.9754558368051,13.9975506666709,68.4678747980793,55.0338718532381,22.0946663681414
WXB6,3.6195291909164,13.6428910017086,24.7680619596315,13.9905245764255,66.208132647584,52.2464959858654,18.2166989326775
YANG,3.57767857538855,12.7691516372428,22.6054045609047,13.9928301337361,60.3521902378998,47.03700630345,18.9550017415354
YE_4,3.83328425638264,12.9793962927659,24.2006801119577,14.0000694215789,68.2098981276105,57.2305403411247,21.7344689036197
YE-CHI-HUNG,3.84932159630287,13.3665726597543,25.053348274786,14.0982683937252,63.2220833779904,50.146956125157,18.1637130200333
YELLOW_3-4,3.74447398395588,11.695490261028,22.0373787796117,13.9912614156933,56.1027649777779,45.1245145220776,17.8554529211176
YING-55,3.82245591102592,12.3040665215207,21.2078590150928,13.9629795157279,67.4802502946185,54.9751412116281,24.3414654540896
YING-55,3.67384501523185,13.229086192909,26.402992558329,14.0037732668863,64.7100124516667,53.4880631260034,19.9602545724134
ZS1791,3.79834003752975,14.0774927327497,27.5017700810562,13.981977798683,87.3086151297629,71.8980790024685,22.4293384237757
ZS635,3.63463926307138,15.5940423479543,28.2658785448642,14.0816086669017,81.3577174656103,68.692809755492,20.8309124595453
